STATE,STATENAME,ST_CASE,VEH_NO,VE_FORMS,MONTH,MONTHNAME,DAY,DAYNAME,HOUR,HOURNAME,MINUTE,MINUTENAME,HARM_EV,HARM_EVNAME,MAN_COLL,MAN_COLLNAME,NUMOCCS,NUMOCCSNAME,UNITTYPE,UNITTYPENAME,HIT_RUN,HIT_RUNNAME,REG_STAT,REG_STATNAME,OWNER,OWNERNAME,VIN,VINNAME,MOD_YEAR,MOD_YEARNAME,VPICMAKE,VPICMAKENAME,VPICMODEL,VPICMODELNAME,VPICBODYCLASS,VPICBODYCLASSNAME,MAKE,MAKENAME,MODEL,BODY_TYP,BODY_TYPNAME,ICFINALBODY,ICFINALBODYNAME,GVWR_FROM,GVWR_FROMNAME,GVWR_TO,GVWR_TONAME,TOW_VEH,TOW_VEHNAME,TRLR1VIN,TRLR1VINNAME,TRLR2VIN,TRLR2VINNAME,TRLR3VIN,TRLR3VINNAME,TRLR1GVWR,TRLR1GVWRNAME,TRLR2GVWR,TRLR2GVWRNAME,TRLR3GVWR,TRLR3GVWRNAME,J_KNIFE,J_KNIFENAME,MCARR_ID,MCARR_IDNAME,MCARR_I1,MCARR_I1NAME,MCARR_I2,MCARR_I2NAME,V_CONFIG,V_CONFIGNAME,CARGO_BT,CARGO_BTNAME,HAZ_INV,HAZ_INVNAME,HAZ_PLAC,HAZ_PLACNAME,HAZ_ID,HAZ_IDNAME,HAZ_CNO,HAZ_CNONAME,HAZ_REL,HAZ_RELNAME,BUS_USE,BUS_USENAME,SPEC_USE,SPEC_USENAME,EMER_USE,EMER_USENAME,TRAV_SP,TRAV_SPNAME,UNDEROVERRIDE,UNDEROVERRIDENAME,ROLLOVER,ROLLOVERNAME,ROLINLOC,ROLINLOCNAME,IMPACT1,IMPACT1NAME,DEFORMED,DEFORMEDNAME,TOWED,TOWEDNAME,M_HARM,M_HARMNAME,FIRE_EXP,FIRE_EXPNAME,MAK_MOD,MAK_MODNAME,VIN_1,VIN_2,VIN_3,VIN_4,VIN_5,VIN_6,VIN_7,VIN_8,VIN_9,VIN_10,VIN_11,VIN_12,DEATHS,DR_DRINK,DR_DRINKNAME,DR_PRES,DR_PRESNAME,L_STATE,L_STATENAME,DR_ZIP,DR_ZIPNAME,L_TYPE,L_TYPENAME,L_STATUS,L_STATUSNAME,CDL_STAT,CDL_STATNAME,L_ENDORS,L_ENDORSNAME,L_COMPL,L_COMPLNAME,L_RESTRI,L_RESTRINAME,DR_HGT,DR_HGTNAME,DR_WGT,DR_WGTNAME,PREV_ACC,PREV_ACCNAME,PREV_SUS1,PREV_SUS1NAME,PREV_SUS2,PREV_SUS2NAME,PREV_SUS3,PREV_SUS3NAME,PREV_DWI,PREV_DWINAME,PREV_SPD,PREV_SPDNAME,PREV_OTH,PREV_OTHNAME,FIRST_MO,FIRST_MONAME,FIRST_YR,FIRST_YRNAME,LAST_MO,LAST_MONAME,LAST_YR,LAST_YRNAME,SPEEDREL,SPEEDRELNAME,VTRAFWAY,VTRAFWAYNAME,VNUM_LAN,VNUM_LANNAME,VSPD_LIM,VSPD_LIMNAME,VALIGN,VALIGNNAME,VPROFILE,VPROFILENAME,VPAVETYP,VPAVETYPNAME,VSURCOND,VSURCONDNAME,VTRAFCON,VTRAFCONNAME,VTCONT_F,VTCONT_FNAME,P_CRASH1,P_CRASH1NAME,P_CRASH2,P_CRASH2NAME,P_CRASH3,P_CRASH3NAME,PCRASH4,PCRASH4NAME,PCRASH5,PCRASH5NAME,ACC_TYPE,ACC_TYPENAME
1,Alabama,10671,2,2,12,December,30,30,21,9:00pm-9:59pm,30,30,12,Motor Vehicle In-Transport,1,Front-to-Rear,1,1,1,Motor Vehicle In-Transport (Inside or Outside the Trafficway),0,No,12,Florida,2,Driver (in this crash) Not Registered Owner (Other Private Owner Listed),1HD1CAP15MY1,1HD1CAP15MY1,1991,1991,3888,Harley-Davidson,11587,XL 1200,82,Motorcycle - Cruiser,72,Harley-Davidson,706,80,Two Wheel Motorcycle (excluding motor scooters),0,Not Applicable,11,"Class 1: 6,000 lbs. or less (2,722 kg or less)",11,"Class 1: 6,000 lbs. or less (2,722 kg or less)",0,No Trailers,7.78E+11,No Trailing Units,7.78E+11,No Trailing Units,7.78E+11,No Trailing Units,77,No Trailing Units,77,No Trailing Units,77,No Trailing Units,0,Not an Articulated Vehicle,0,Not Applicable,0,Not Applicable,0,Not Applicable,0,Not Applicable,0,Not Applicable (N/A),1,No,0,Not Applicable,0,Not Applicable,0,Not Applicable,0,Not Applicable,0,Not a Bus,0,No Special Use Noted,0,Not Applicable,999,Reported as Unknown,7,Not Applicable,8,Not Applicable,8,Not Applicable,6,6 Clock Point,6,Disabling Damage,6,Towed,12,Motor Vehicle In-Transport,0,No or Not Reported,72706,Harley-Davidson 750cc or greater,1,H,D,1,C,A,P,1,5,M,Y,1,1,0,No,1,Yes,1,Alabama,36432,36432,1,Full Driver License,1,Suspended,1,Suspended,0,No Endorsements required for this vehicle,2,No valid license for this class vehicle,1,Restrictions Complied With,75,75,300,300 lbs.,0,,0,,0,,0,,0,,1,1,0,,4,April,2020,2020,4,April,2020,2020,0,No,3,"Two-Way,  Divided, Positive  Median Barrier",2,Two lanes,70,70 MPH,1,Straight,1,Level,2,"Blacktop, Bituminous, or Asphalt",1,Dry,0,No Controls,0,No Controls,1,Going Straight,53,Traveling in same direction with higher speed,99,Unknown/Not Reported,1,Tracking,1,Stayed in original travel lane,25,"D25-Same Trafficway, Same Direction-Rear End-Slower, Going Straight"
1,Alabama,10672,2,4,12,December,30,30,12,12:00pm-12:59pm,16,16,12,Motor Vehicle In-Transport,6,Angle,1,1,1,Motor Vehicle In-Transport (Inside or Outside the Trafficway),0,No,1,Alabama,2,Driver (in this crash) Not Registered Owner (Other Private Owner Listed),MH3RH18Y1MK0,MH3RH18Y1MK0,2021,2021,564,Yamaha,30328,YZF-R3,80,Motorcycle - Sport,76,Yamaha,703,80,Two Wheel Motorcycle (excluding motor scooters),0,Not Applicable,11,"Class 1: 6,000 lbs. or less (2,722 kg or less)",11,"Class 1: 6,000 lbs. or less (2,722 kg or less)",0,No Trailers,7.78E+11,No Trailing Units,7.78E+11,No Trailing Units,7.78E+11,No Trailing Units,77,No Trailing Units,77,No Trailing Units,77,No Trailing Units,0,Not an Articulated Vehicle,0,Not Applicable,0,Not Applicable,0,Not Applicable,0,Not Applicable,0,Not Applicable (N/A),1,No,0,Not Applicable,0,Not Applicable,0,Not Applicable,0,Not Applicable,0,Not a Bus,0,No Special Use Noted,0,Not Applicable,999,Reported as Unknown,7,Not Applicable,8,Not Applicable,8,Not Applicable,11,11 Clock Point,2,Minor Damage,5,Not Towed,12,Motor Vehicle In-Transport,0,No or Not Reported,76703,Yamaha 125-349cc,M,H,3,R,H,1,8,Y,1,M,K,0,1,0,No,1,Yes,1,Alabama,36117,36117,1,Full Driver License,6,Valid,6,Valid,0,No Endorsements required for this vehicle,3,Valid license for this class vehicle,1,Restrictions Complied With,72,72,210,210 lbs.,0,,0,,0,,0,,0,,0,,0,,0,No Record,0,No Record,0,No Record,0,No Record,0,No,2,"Two-Way, Divided, Unprotected Median",4,Four lanes,45,45 MPH,3,Curve Left,6,Downhill,2,"Blacktop, Bituminous, or Asphalt",1,Dry,3,Traffic control signal(on colors) not known whether or not Pedestrian Signal,3,Device Functioning Properly,14,Negotiating a Curve,62,From opposite direction  over left lane line,99,Unknown/Not Reported,1,Tracking,1,Stayed in original travel lane,69,"J69-Changing Trafficway, Vehicle Turning-Turn Across Path-Initial Opposite Directions (Going Straight)"
1,Alabama,10678,2,2,6,June,7,7,9,9:00am-9:59am,29,29,12,Motor Vehicle In-Transport,6,Angle,1,1,1,Motor Vehicle In-Transport (Inside or Outside the Trafficway),0,No,92,No Registration,0,"Not Applicable, Vehicle Not Registered",L08YCNFC3L10,L08YCNFC3L10,2020,2020,10199,Apollo,26520,Street Bike,98,Motorcycle - Street,98,Other Make,703,80,Two Wheel Motorcycle (excluding motor scooters),0,Not Applicable,11,"Class 1: 6,000 lbs. or less (2,722 kg or less)",11,"Class 1: 6,000 lbs. or less (2,722 kg or less)",0,No Trailers,7.78E+11,No Trailing Units,7.78E+11,No Trailing Units,7.78E+11,No Trailing Units,77,No Trailing Units,77,No Trailing Units,77,No Trailing Units,0,Not an Articulated Vehicle,0,Not Applicable,0,Not Applicable,0,Not Applicable,0,Not Applicable,0,Not Applicable (N/A),1,No,0,Not Applicable,0,Not Applicable,0,Not Applicable,0,Not Applicable,0,Not a Bus,0,No Special Use Noted,0,Not Applicable,999,Reported as Unknown,7,Not Applicable,8,Not Applicable,8,Not Applicable,12,12 Clock Point,6,Disabling Damage,6,Towed,12,Motor Vehicle In-Transport,0,No or Not Reported,98703,Other Make 125-349cc,L,0,8,Y,C,N,F,C,3,L,1,0,1,0,No,1,Yes,1,Alabama,36801,36801,1,Full Driver License,1,Suspended,0,No (CDL),0,No Endorsements required for this vehicle,2,No valid license for this class vehicle,0,No Restrictions or Not Applicable,999,Unknown,999,Unknown,1,1,0,,0,,0,,0,,0,,0,,12,December,2022,2022,12,December,2022,2022,4,"Yes, Too Fast for Conditions",1,"Two-Way, Not Divided",2,Two lanes,45,45 MPH,1,Straight,6,Downhill,2,"Blacktop, Bituminous, or Asphalt",1,Dry,0,No Controls,0,No Controls,1,Going Straight,62,From opposite direction  over left lane line,99,Unknown/Not Reported,1,Tracking,1,Stayed in original travel lane,69,"J69-Changing Trafficway, Vehicle Turning-Turn Across Path-Initial Opposite Directions (Going Straight)"
1,Alabama,10683,2,4,3,March,31,31,16,4:00pm-4:59pm,48,48,12,Motor Vehicle In-Transport,6,Angle,1,1,1,Motor Vehicle In-Transport (Inside or Outside the Trafficway),0,No,1,Alabama,1,Driver (in this crash) was Registered Owner,1HD1BWV10CB0,1HD1BWV10CB0,2012,2012,3888,Harley-Davidson,11332,Heritage Softail Classic 103,81,Motorcycle - Touring / Sport Touring,72,Harley-Davidson,706,80,Two Wheel Motorcycle (excluding motor scooters),0,Not Applicable,11,"Class 1: 6,000 lbs. or less (2,722 kg or less)",11,"Class 1: 6,000 lbs. or less (2,722 kg or less)",0,No Trailers,7.78E+11,No Trailing Units,7.78E+11,No Trailing Units,7.78E+11,No Trailing Units,77,No Trailing Units,77,No Trailing Units,77,No Trailing Units,0,Not an Articulated Vehicle,0,Not Applicable,0,Not Applicable,0,Not Applicable,0,Not Applicable,0,Not Applicable (N/A),1,No,0,Not Applicable,0,Not Applicable,0,Not Applicable,0,Not Applicable,0,Not a Bus,0,No Special Use Noted,0,Not Applicable,999,Reported as Unknown,7,Not Applicable,8,Not Applicable,8,Not Applicable,9,9 Clock Point,6,Disabling Damage,6,Towed,12,Motor Vehicle In-Transport,0,No or Not Reported,72706,Harley-Davidson 750cc or greater,1,H,D,1,B,W,V,1,0,C,B,0,1,0,No,1,Yes,1,Alabama,36693,36693,1,Full Driver License,6,Valid,0,No (CDL),0,No Endorsements required for this vehicle,2,No valid license for this class vehicle,0,No Restrictions or Not Applicable,71,71,256,256 lbs.,0,,0,,0,,0,,0,,0,,0,,0,No Record,0,No Record,0,No Record,0,No Record,0,No,1,"Two-Way, Not Divided",3,Three lanes,45,45 MPH,1,Straight,1,Level,2,"Blacktop, Bituminous, or Asphalt",1,Dry,3,Traffic control signal(on colors) not known whether or not Pedestrian Signal,3,Device Functioning Properly,1,Going Straight,66,"From crossing street, across path",99,Unknown/Not Reported,1,Tracking,1,Stayed in original travel lane,89,L89-Intersecting Paths-Straight Paths-Struck on the left
1,Alabama,10699,1,5,2,February,23,23,15,3:00pm-3:59pm,59,59,12,Motor Vehicle In-Transport,1,Front-to-Rear,1,1,1,Motor Vehicle In-Transport (Inside or Outside the Trafficway),0,No,1,Alabama,1,Driver (in this crash) was Registered Owner,1HD1KHC11LB6,1HD1KHC11LB6,2020,2020,3888,Harley-Davidson,12630,FLTRX / Road Glide,81,Motorcycle - Touring / Sport Touring,72,Harley-Davidson,706,80,Two Wheel Motorcycle (excluding motor scooters),0,Not Applicable,11,"Class 1: 6,000 lbs. or less (2,722 kg or less)",11,"Class 1: 6,000 lbs. or less (2,722 kg or less)",0,No Trailers,7.78E+11,No Trailing Units,7.78E+11,No Trailing Units,7.78E+11,No Trailing Units,77,No Trailing Units,77,No Trailing Units,77,No Trailing Units,0,Not an Articulated Vehicle,0,Not Applicable,0,Not Applicable,0,Not Applicable,0,Not Applicable,0,Not Applicable (N/A),1,No,0,Not Applicable,0,Not Applicable,0,Not Applicable,0,Not Applicable,0,Not a Bus,0,No Special Use Noted,0,Not Applicable,999,Reported as Unknown,7,Not Applicable,8,Not Applicable,8,Not Applicable,12,12 Clock Point,4,Functional Damage,6,Towed,12,Motor Vehicle In-Transport,0,No or Not Reported,72706,Harley-Davidson 750cc or greater,1,H,D,1,K,H,C,1,1,L,B,6,1,0,No,1,Yes,1,Alabama,36251,36251,1,Full Driver License,6,Valid,0,No (CDL),0,No Endorsements required for this vehicle,3,Valid license for this class vehicle,0,No Restrictions or Not Applicable,76,76,240,240 lbs.,1,1,0,,0,,0,,0,,2,2,0,,10,October,2021,2021,7,July,2023,2023,4,"Yes, Too Fast for Conditions",2,"Two-Way, Divided, Unprotected Median",3,Three lanes,45,45 MPH,1,Straight,1,Level,2,"Blacktop, Bituminous, or Asphalt",1,Dry,0,No Controls,0,No Controls,15,Changing Lanes,51,Traveling in same direction with lower steady speed,99,Unknown/Not Reported,1,Tracking,2,"Stayed on roadway, but left original travel lane",24,"D24-Same Trafficway, Same Direction-Rear End-Slower"
1,Alabama,10701,2,2,10,October,10,10,6,6:00am-6:59am,25,25,12,Motor Vehicle In-Transport,8,Sideswipe - Opposite Direction,1,1,1,Motor Vehicle In-Transport (Inside or Outside the Trafficway),0,No,1,Alabama,1,Driver (in this crash) was Registered Owner,1HD1DML11RY5,1HD1DML11RY5,1994,1994,3888,Harley-Davidson,11563,FLTC Ultra,81,Motorcycle - Touring / Sport Touring,72,Harley-Davidson,706,80,Two Wheel Motorcycle (excluding motor scooters),0,Not Applicable,11,"Class 1: 6,000 lbs. or less (2,722 kg or less)",11,"Class 1: 6,000 lbs. or less (2,722 kg or less)",0,No Trailers,7.78E+11,No Trailing Units,7.78E+11,No Trailing Units,7.78E+11,No Trailing Units,77,No Trailing Units,77,No Trailing Units,77,No Trailing Units,0,Not an Articulated Vehicle,0,Not Applicable,0,Not Applicable,0,Not Applicable,0,Not Applicable,0,Not Applicable (N/A),1,No,0,Not Applicable,0,Not Applicable,0,Not Applicable,0,Not Applicable,0,Not a Bus,0,No Special Use Noted,0,Not Applicable,45,045 MPH,7,Not Applicable,8,Not Applicable,8,Not Applicable,11,11 Clock Point,6,Disabling Damage,6,Towed,42,Tree (Standing Only),0,No or Not Reported,72706,Harley-Davidson 750cc or greater,1,H,D,1,D,M,L,1,1,R,Y,5,1,0,No,1,Yes,1,Alabama,35160,35160,1,Full Driver License,6,Valid,0,No (CDL),0,No Endorsements required for this vehicle,3,Valid license for this class vehicle,0,No Restrictions or Not Applicable,61,61,265,265 lbs.,0,,0,,0,,0,,0,,0,,0,,0,No Record,0,No Record,0,No Record,0,No Record,0,No,1,"Two-Way, Not Divided",2,Two lanes,45,45 MPH,2,Curve Right,1,Level,2,"Blacktop, Bituminous, or Asphalt",1,Dry,0,No Controls,0,No Controls,14,Negotiating a Curve,62,From opposite direction  over left lane line,99,Unknown/Not Reported,1,Tracking,1,Stayed in original travel lane,65,"I65-Same Trafficway, Opposite Direction-Angle, Sideswipe-Lateral Move (Going Straight)"
1,Alabama,10703,1,2,10,October,12,12,21,9:00pm-9:59pm,13,13,12,Motor Vehicle In-Transport,6,Angle,1,1,1,Motor Vehicle In-Transport (Inside or Outside the Trafficway),0,No,1,Alabama,1,Driver (in this crash) was Registered Owner,JS1GN7FAXL71,JS1GN7FAXL71,2020,2020,509,Suzuki,13162,GSX-R600,80,Motorcycle - Sport,53,Suzuki,705,80,Two Wheel Motorcycle (excluding motor scooters),0,Not Applicable,11,"Class 1: 6,000 lbs. or less (2,722 kg or less)",11,"Class 1: 6,000 lbs. or less (2,722 kg or less)",0,No Trailers,7.78E+11,No Trailing Units,7.78E+11,No Trailing Units,7.78E+11,No Trailing Units,77,No Trailing Units,77,No Trailing Units,77,No Trailing Units,0,Not an Articulated Vehicle,0,Not Applicable,0,Not Applicable,0,Not Applicable,0,Not Applicable,0,Not Applicable (N/A),1,No,0,Not Applicable,0,Not Applicable,0,Not Applicable,0,Not Applicable,0,Not a Bus,0,No Special Use Noted,0,Not Applicable,999,Reported as Unknown,7,Not Applicable,8,Not Applicable,8,Not Applicable,12,12 Clock Point,6,Disabling Damage,6,Towed,12,Motor Vehicle In-Transport,0,No or Not Reported,53705,Suzuki 450-749cc,J,S,1,G,N,7,F,A,X,L,7,1,1,0,No,1,Yes,1,Alabama,35749,35749,1,Full Driver License,6,Valid,0,No (CDL),0,No Endorsements required for this vehicle,3,Valid license for this class vehicle,0,No Restrictions or Not Applicable,65,65,135,135 lbs.,0,,0,,0,,0,,0,,5,5,0,,3,March,2021,2021,7,July,2022,2022,3,"Yes, Exceeded Speed Limit",1,"Two-Way, Not Divided",2,Two lanes,45,45 MPH,1,Straight,1,Level,2,"Blacktop, Bituminous, or Asphalt",1,Dry,0,No Controls,0,No Controls,1,Going Straight,62,From opposite direction  over left lane line,99,Unknown/Not Reported,1,Tracking,1,Stayed in original travel lane,69,"J69-Changing Trafficway, Vehicle Turning-Turn Across Path-Initial Opposite Directions (Going Straight)"
1,Alabama,10709,2,2,10,October,15,15,6,6:00am-6:59am,45,45,12,Motor Vehicle In-Transport,2,Front-to-Front,1,1,1,Motor Vehicle In-Transport (Inside or Outside the Trafficway),0,No,1,Alabama,1,Driver (in this crash) was Registered Owner,SMTD53HL4PTB,SMTD53HL4PTB,2023,2023,565,Triumph,2905,Bonneville,6,Motorcycle - Standard,50,Triumph,706,80,Two Wheel Motorcycle (excluding motor scooters),0,Not Applicable,11,"Class 1: 6,000 lbs. or less (2,722 kg or less)",11,"Class 1: 6,000 lbs. or less (2,722 kg or less)",0,No Trailers,7.78E+11,No Trailing Units,7.78E+11,No Trailing Units,7.78E+11,No Trailing Units,77,No Trailing Units,77,No Trailing Units,77,No Trailing Units,0,Not an Articulated Vehicle,0,Not Applicable,0,Not Applicable,0,Not Applicable,0,Not Applicable,0,Not Applicable (N/A),1,No,0,Not Applicable,0,Not Applicable,0,Not Applicable,0,Not Applicable,0,Not a Bus,0,No Special Use Noted,0,Not Applicable,65,065 MPH,7,Not Applicable,8,Not Applicable,8,Not Applicable,12,12 Clock Point,6,Disabling Damage,6,Towed,12,Motor Vehicle In-Transport,0,No or Not Reported,50706,Triumph 750cc or greater,S,M,T,D,5,3,H,L,4,P,T,B,1,0,No,1,Yes,1,Alabama,36421,36421,1,Full Driver License,6,Valid,0,No (CDL),0,No Endorsements required for this vehicle,3,Valid license for this class vehicle,1,Restrictions Complied With,69,69,150,150 lbs.,0,,0,,0,,0,,0,,0,,0,,0,No Record,0,No Record,0,No Record,0,No Record,0,No,2,"Two-Way, Divided, Unprotected Median",2,Two lanes,65,65 MPH,1,Straight,1,Level,2,"Blacktop, Bituminous, or Asphalt",1,Dry,0,No Controls,0,No Controls,1,Going Straight,67,"From crossing street, turning into opposite direction",99,Unknown/Not Reported,1,Tracking,1,Stayed in original travel lane,83,"K83-Changing Trafficway, Vehicle Turning-Turn Into Path-Turn Into Opposite Directions (Going Straight)"
1,Alabama,10717,2,2,10,October,20,20,0,0:00am-0:59am,20,20,12,Motor Vehicle In-Transport,6,Angle,1,1,1,Motor Vehicle In-Transport (Inside or Outside the Trafficway),0,No,1,Alabama,1,Driver (in this crash) was Registered Owner,1HD1KBM34CB6,1HD1KBM34CB6,2012,2012,3888,Harley-Davidson,11077,Street Glide 103,81,Motorcycle - Touring / Sport Touring,72,Harley-Davidson,706,80,Two Wheel Motorcycle (excluding motor scooters),0,Not Applicable,11,"Class 1: 6,000 lbs. or less (2,722 kg or less)",11,"Class 1: 6,000 lbs. or less (2,722 kg or less)",0,No Trailers,7.78E+11,No Trailing Units,7.78E+11,No Trailing Units,7.78E+11,No Trailing Units,77,No Trailing Units,77,No Trailing Units,77,No Trailing Units,0,Not an Articulated Vehicle,0,Not Applicable,0,Not Applicable,0,Not Applicable,0,Not Applicable,0,Not Applicable (N/A),1,No,0,Not Applicable,0,Not Applicable,0,Not Applicable,0,Not Applicable,0,Not a Bus,0,No Special Use Noted,0,Not Applicable,998,Not Reported,7,Not Applicable,8,Not Applicable,8,Not Applicable,12,12 Clock Point,6,Disabling Damage,6,Towed,12,Motor Vehicle In-Transport,0,No or Not Reported,72706,Harley-Davidson 750cc or greater,1,H,D,1,K,B,M,3,4,C,B,6,1,0,No,1,Yes,1,Alabama,35214,35214,1,Full Driver License,6,Valid,0,No (CDL),0,No Endorsements required for this vehicle,2,No valid license for this class vehicle,0,No Restrictions or Not Applicable,70,70,200,200 lbs.,1,1,0,,0,,0,,0,,0,,3,3,9,September,2021,2021,9,September,2023,2023,3,"Yes, Exceeded Speed Limit",2,"Two-Way, Divided, Unprotected Median",4,Four lanes,50,50 MPH,1,Straight,1,Level,2,"Blacktop, Bituminous, or Asphalt",1,Dry,0,No Controls,0,No Controls,1,Going Straight,62,From opposite direction  over left lane line,99,Unknown/Not Reported,1,Tracking,1,Stayed in original travel lane,69,"J69-Changing Trafficway, Vehicle Turning-Turn Across Path-Initial Opposite Directions (Going Straight)"
1,Alabama,10721,2,2,10,October,21,21,7,7:00am-7:59am,11,11,12,Motor Vehicle In-Transport,6,Angle,1,1,1,Motor Vehicle In-Transport (Inside or Outside the Trafficway),0,No,1,Alabama,1,Driver (in this crash) was Registered Owner,JS1GT77A5721,JS1GT77A5721,2007,2007,509,Suzuki,13179,GSX-R1000,80,Motorcycle - Sport,53,Suzuki,706,80,Two Wheel Motorcycle (excluding motor scooters),0,Not Applicable,11,"Class 1: 6,000 lbs. or less (2,722 kg or less)",11,"Class 1: 6,000 lbs. or less (2,722 kg or less)",0,No Trailers,7.78E+11,No Trailing Units,7.78E+11,No Trailing Units,7.78E+11,No Trailing Units,77,No Trailing Units,77,No Trailing Units,77,No Trailing Units,0,Not an Articulated Vehicle,0,Not Applicable,0,Not Applicable,0,Not Applicable,0,Not Applicable,0,Not Applicable (N/A),1,No,0,Not Applicable,0,Not Applicable,0,Not Applicable,0,Not Applicable,0,Not a Bus,0,No Special Use Noted,0,Not Applicable,999,Reported as Unknown,7,Not Applicable,8,Not Applicable,8,Not Applicable,12,12 Clock Point,6,Disabling Damage,6,Towed,12,Motor Vehicle In-Transport,0,No or Not Reported,53706,Suzuki 750cc-over,J,S,1,G,T,7,7,A,5,7,2,1,1,0,No,1,Yes,1,Alabama,35603,35603,1,Full Driver License,6,Valid,0,No (CDL),0,No Endorsements required for this vehicle,3,Valid license for this class vehicle,0,No Restrictions or Not Applicable,70,70,190,190 lbs.,1,1,0,,0,,0,,0,,0,,0,,4,April,2020,2020,4,April,2020,2020,3,"Yes, Exceeded Speed Limit",2,"Two-Way, Divided, Unprotected Median",2,Two lanes,50,50 MPH,1,Straight,1,Level,2,"Blacktop, Bituminous, or Asphalt",1,Dry,0,No Controls,0,No Controls,1,Going Straight,66,"From crossing street, across path",99,Unknown/Not Reported,1,Tracking,1,Stayed in original travel lane,86,L86-Intersecting Paths-Straight Paths-Striking from the Right
1,Alabama,10723,1,1,10,October,22,22,21,9:00pm-9:59pm,18,18,42,Tree (Standing Only),0,The First Harmful Event was Not a Collision with a Motor Vehicle in Transport,1,1,1,Motor Vehicle In-Transport (Inside or Outside the Trafficway),0,No,1,Alabama,1,Driver (in this crash) was Registered Owner,JH2SC7714MK4,JH2SC7714MK4,2021,2021,474,Honda,11975,CBR1000,80,Motorcycle - Sport,37,Honda,706,80,Two Wheel Motorcycle (excluding motor scooters),0,Not Applicable,11,"Class 1: 6,000 lbs. or less (2,722 kg or less)",11,"Class 1: 6,000 lbs. or less (2,722 kg or less)",0,No Trailers,7.78E+11,No Trailing Units,7.78E+11,No Trailing Units,7.78E+11,No Trailing Units,77,No Trailing Units,77,No Trailing Units,77,No Trailing Units,0,Not an Articulated Vehicle,0,Not Applicable,0,Not Applicable,0,Not Applicable,0,Not Applicable,0,Not Applicable (N/A),1,No,0,Not Applicable,0,Not Applicable,0,Not Applicable,0,Not Applicable,0,Not a Bus,0,No Special Use Noted,0,Not Applicable,90,090 MPH,7,Not Applicable,8,Not Applicable,8,Not Applicable,12,12 Clock Point,6,Disabling Damage,6,Towed,42,Tree (Standing Only),0,No or Not Reported,37706,Honda 750 cc or greater,J,H,2,S,C,7,7,1,4,M,K,4,1,1,Yes,1,Yes,1,Alabama,36874,36874,1,Full Driver License,6,Valid,0,No (CDL),0,No Endorsements required for this vehicle,2,No valid license for this class vehicle,0,No Restrictions or Not Applicable,67,67,140,140 lbs.,1,1,0,,0,,0,,0,,3,3,1,1,9,September,2021,2021,5,May,2024,2024,3,"Yes, Exceeded Speed Limit",1,"Two-Way, Not Divided",2,Two lanes,45,45 MPH,3,Curve Left,6,Downhill,2,"Blacktop, Bituminous, or Asphalt",1,Dry,97,Not Reported,8,Not Reported,14,Negotiating a Curve,13,Off the edge of the road on the right side,99,Unknown/Not Reported,1,Tracking,4,Departed roadway,1,A1-Single Driver-Right Roadside Departure-Drive Off Road
1,Alabama,10746,2,2,10,October,27,27,0,0:00am-0:59am,4,4,12,Motor Vehicle In-Transport,6,Angle,1,1,1,Motor Vehicle In-Transport (Inside or Outside the Trafficway),0,No,1,Alabama,1,Driver (in this crash) was Registered Owner,JH2SC4406YM0,JH2SC4406YM0,2000,2000,474,Honda,12565,CBR900/CBR929,80,Motorcycle - Sport,37,Honda,706,80,Two Wheel Motorcycle (excluding motor scooters),0,Not Applicable,11,"Class 1: 6,000 lbs. or less (2,722 kg or less)",11,"Class 1: 6,000 lbs. or less (2,722 kg or less)",0,No Trailers,7.78E+11,No Trailing Units,7.78E+11,No Trailing Units,7.78E+11,No Trailing Units,77,No Trailing Units,77,No Trailing Units,77,No Trailing Units,0,Not an Articulated Vehicle,0,Not Applicable,0,Not Applicable,0,Not Applicable,0,Not Applicable,0,Not Applicable (N/A),1,No,0,Not Applicable,0,Not Applicable,0,Not Applicable,0,Not Applicable,0,Not a Bus,0,No Special Use Noted,0,Not Applicable,999,Reported as Unknown,7,Not Applicable,8,Not Applicable,8,Not Applicable,12,12 Clock Point,6,Disabling Damage,6,Towed,12,Motor Vehicle In-Transport,0,No or Not Reported,37706,Honda 750 cc or greater,J,H,2,S,C,4,4,0,6,Y,M,0,1,0,No,1,Yes,1,Alabama,36301,36301,1,Full Driver License,6,Valid,0,No (CDL),0,No Endorsements required for this vehicle,3,Valid license for this class vehicle,0,No Restrictions or Not Applicable,68,68,225,225 lbs.,0,,0,,0,,0,,0,,1,1,0,,4,April,2024,2024,4,April,2024,2024,0,No,2,"Two-Way, Divided, Unprotected Median",4,Four lanes,60,60 MPH,1,Straight,1,Level,2,"Blacktop, Bituminous, or Asphalt",1,Dry,0,No Controls,0,No Controls,1,Going Straight,66,"From crossing street, across path",99,Unknown/Not Reported,1,Tracking,1,Stayed in original travel lane,86,L86-Intersecting Paths-Straight Paths-Striking from the Right