STATE,STATENAME,ST_CASE,VEH_NO,VE_FORMS,MONTH,MONTHNAME,DAY,DAYNAME,HOUR,HOURNAME,MINUTE,MINUTENAME,HARM_EV,HARM_EVNAME,MAN_COLL,MAN_COLLNAME,NUMOCCS,NUMOCCSNAME,UNITTYPE,UNITTYPENAME,HIT_RUN,HIT_RUNNAME,REG_STAT,REG_STATNAME,OWNER,OWNERNAME,VIN,VINNAME,MOD_YEAR,MOD_YEARNAME,VPICMAKE,VPICMAKENAME,VPICMODEL,VPICMODELNAME,VPICBODYCLASS,VPICBODYCLASSNAME,MAKE,MAKENAME,MODEL,BODY_TYP,BODY_TYPNAME,ICFINALBODY,ICFINALBODYNAME,GVWR_FROM,GVWR_FROMNAME,GVWR_TO,GVWR_TONAME,TOW_VEH,TOW_VEHNAME,TRLR1VIN,TRLR1VINNAME,TRLR2VIN,TRLR2VINNAME,TRLR3VIN,TRLR3VINNAME,TRLR1GVWR,TRLR1GVWRNAME,TRLR2GVWR,TRLR2GVWRNAME,TRLR3GVWR,TRLR3GVWRNAME,J_KNIFE,J_KNIFENAME,MCARR_ID,MCARR_IDNAME,MCARR_I1,MCARR_I1NAME,MCARR_I2,MCARR_I2NAME,V_CONFIG,V_CONFIGNAME,CARGO_BT,CARGO_BTNAME,HAZ_INV,HAZ_INVNAME,HAZ_PLAC,HAZ_PLACNAME,HAZ_ID,HAZ_IDNAME,HAZ_CNO,HAZ_CNONAME,HAZ_REL,HAZ_RELNAME,BUS_USE,BUS_USENAME,SPEC_USE,SPEC_USENAME,EMER_USE,EMER_USENAME,TRAV_SP,TRAV_SPNAME,UNDEROVERRIDE,UNDEROVERRIDENAME,ROLLOVER,ROLLOVERNAME,ROLINLOC,ROLINLOCNAME,IMPACT1,IMPACT1NAME,DEFORMED,DEFORMEDNAME,TOWED,TOWEDNAME,M_HARM,M_HARMNAME,FIRE_EXP,FIRE_EXPNAME,MAK_MOD,MAK_MODNAME,VIN_1,VIN_2,VIN_3,VIN_4,VIN_5,VIN_6,VIN_7,VIN_8,VIN_9,VIN_10,VIN_11,VIN_12,DEATHS,DR_DRINK,DR_DRINKNAME,DR_PRES,DR_PRESNAME,L_STATE,L_STATENAME,DR_ZIP,DR_ZIPNAME,L_TYPE,L_TYPENAME,L_STATUS,L_STATUSNAME,CDL_STAT,CDL_STATNAME,L_ENDORS,L_ENDORSNAME,L_COMPL,L_COMPLNAME,L_RESTRI,L_RESTRINAME,DR_HGT,DR_HGTNAME,DR_WGT,DR_WGTNAME,PREV_ACC,PREV_ACCNAME,PREV_SUS1,PREV_SUS1NAME,PREV_SUS2,PREV_SUS2NAME,PREV_SUS3,PREV_SUS3NAME,PREV_DWI,PREV_DWINAME,PREV_SPD,PREV_SPDNAME,PREV_OTH,PREV_OTHNAME,FIRST_MO,FIRST_MONAME,FIRST_YR,FIRST_YRNAME,LAST_MO,LAST_MONAME,LAST_YR,LAST_YRNAME,SPEEDREL,SPEEDRELNAME,VTRAFWAY,VTRAFWAYNAME,VNUM_LAN,VNUM_LANNAME,VSPD_LIM,VSPD_LIMNAME,VALIGN,VALIGNNAME,VPROFILE,VPROFILENAME,VPAVETYP,VPAVETYPNAME,VSURCOND,VSURCONDNAME,VTRAFCON,VTRAFCONNAME,VTCONT_F,VTCONT_FNAME,P_CRASH1,P_CRASH1NAME,P_CRASH2,P_CRASH2NAME,P_CRASH3,P_CRASH3NAME,PCRASH4,PCRASH4NAME,PCRASH5,PCRASH5NAME,ACC_TYPE,ACC_TYPENAME
12,Florida,121457,1,2,7,July,3,3,19,7:00pm-7:59pm,50,50,12,Motor Vehicle In-Transport,6,Angle,1,1,1,Motor Vehicle In-Transport (Inside or Outside the Trafficway),0,No,12,Florida,1,Driver (in this crash) was Registered Owner,1HD1FFW145Y6,1HD1FFW145Y6,2005,2005,3888,Harley-Davidson,11137,Electra Glide Classic,81,Motorcycle - Touring / Sport Touring,72,Harley-Davidson,706,80,Two Wheel Motorcycle (excluding motor scooters),0,Not Applicable,11,"Class 1: 6,000 lbs. or less (2,722 kg or less)",11,"Class 1: 6,000 lbs. or less (2,722 kg or less)",0,No Trailers,7.78E+11,No Trailing Units,7.78E+11,No Trailing Units,7.78E+11,No Trailing Units,77,No Trailing Units,77,No Trailing Units,77,No Trailing Units,0,Not an Articulated Vehicle,0,Not Applicable,0,Not Applicable,0,Not Applicable,0,Not Applicable,0,Not Applicable (N/A),1,No,0,Not Applicable,0,Not Applicable,0,Not Applicable,0,Not Applicable,0,Not a Bus,0,No Special Use Noted,0,Not Applicable,10,010 MPH,7,Not Applicable,8,Not Applicable,8,Not Applicable,2,2 Clock Point,6,Disabling Damage,6,Towed,12,Motor Vehicle In-Transport,0,No or Not Reported,72706,Harley-Davidson 750cc or greater,1,H,D,1,F,F,W,1,4,5,Y,6,1,0,No,1,Yes,12,Florida,34668,34668,1,Full Driver License,6,Valid,0,No (CDL),0,No Endorsements required for this vehicle,3,Valid license for this class vehicle,0,No Restrictions or Not Applicable,72,72,999,Unknown,0,,0,,0,,0,,0,,1,1,0,,1,January,2024,2024,1,January,2024,2024,0,No,2,"Two-Way, Divided, Unprotected Median",3,Three lanes,45,45 MPH,1,Straight,1,Level,8,Not Reported,1,Dry,0,No Controls,0,No Controls,11,Turning Left,15,Turning Left,99,Unknown/Not Reported,1,Tracking,1,Stayed in original travel lane,68,"J68-Changing Trafficway, Vehicle Turning-Turn Across Path-Initial Opposite Directions (Left/Right)"
12,Florida,121459,2,2,7,July,4,4,6,6:00am-6:59am,44,44,12,Motor Vehicle In-Transport,6,Angle,1,1,1,Motor Vehicle In-Transport (Inside or Outside the Trafficway),0,No,12,Florida,1,Driver (in this crash) was Registered Owner,MH3RH18YXPK0,MH3RH18YXPK0,2023,2023,564,Yamaha,30328,YZF-R3,80,Motorcycle - Sport,76,Yamaha,703,80,Two Wheel Motorcycle (excluding motor scooters),0,Not Applicable,11,"Class 1: 6,000 lbs. or less (2,722 kg or less)",11,"Class 1: 6,000 lbs. or less (2,722 kg or less)",0,No Trailers,7.78E+11,No Trailing Units,7.78E+11,No Trailing Units,7.78E+11,No Trailing Units,77,No Trailing Units,77,No Trailing Units,77,No Trailing Units,0,Not an Articulated Vehicle,0,Not Applicable,0,Not Applicable,0,Not Applicable,0,Not Applicable,0,Not Applicable (N/A),1,No,0,Not Applicable,0,Not Applicable,0,Not Applicable,0,Not Applicable,0,Not a Bus,0,No Special Use Noted,0,Not Applicable,998,Not Reported,7,Not Applicable,8,Not Applicable,8,Not Applicable,12,12 Clock Point,6,Disabling Damage,6,Towed,12,Motor Vehicle In-Transport,0,No or Not Reported,76703,Yamaha 125-349cc,M,H,3,R,H,1,8,Y,X,P,K,0,1,0,No,1,Yes,12,Florida,33015,33015,1,Full Driver License,6,Valid,0,No (CDL),0,No Endorsements required for this vehicle,3,Valid license for this class vehicle,0,No Restrictions or Not Applicable,72,72,999,Unknown,0,,0,,0,,0,,0,,1,1,0,,6,June,2023,2023,6,June,2023,2023,0,No,2,"Two-Way, Divided, Unprotected Median",4,Four lanes,40,40 MPH,1,Straight,1,Level,8,Not Reported,1,Dry,3,Traffic control signal(on colors) not known whether or not Pedestrian Signal,3,Device Functioning Properly,1,Going Straight,62,From opposite direction  over left lane line,99,Unknown/Not Reported,1,Tracking,1,Stayed in original travel lane,69,"J69-Changing Trafficway, Vehicle Turning-Turn Across Path-Initial Opposite Directions (Going Straight)"
12,Florida,121488,1,2,6,June,23,23,3,3:00am-3:59am,24,24,12,Motor Vehicle In-Transport,1,Front-to-Rear,1,1,1,Motor Vehicle In-Transport (Inside or Outside the Trafficway),0,No,24,Maryland,2,Driver (in this crash) Not Registered Owner (Other Private Owner Listed),JH2PC35006M7,JH2PC35006M7,2006,2006,474,Honda,14060,CBR600,80,Motorcycle - Sport,37,Honda,705,80,Two Wheel Motorcycle (excluding motor scooters),0,Not Applicable,11,"Class 1: 6,000 lbs. or less (2,722 kg or less)",11,"Class 1: 6,000 lbs. or less (2,722 kg or less)",0,No Trailers,7.78E+11,No Trailing Units,7.78E+11,No Trailing Units,7.78E+11,No Trailing Units,77,No Trailing Units,77,No Trailing Units,77,No Trailing Units,0,Not an Articulated Vehicle,0,Not Applicable,0,Not Applicable,0,Not Applicable,0,Not Applicable,0,Not Applicable (N/A),1,No,0,Not Applicable,0,Not Applicable,0,Not Applicable,0,Not Applicable,0,Not a Bus,0,No Special Use Noted,0,Not Applicable,90,090 MPH,7,Not Applicable,8,Not Applicable,8,Not Applicable,12,12 Clock Point,6,Disabling Damage,6,Towed,12,Motor Vehicle In-Transport,0,No or Not Reported,37705,Honda 450-749 cc,J,H,2,P,C,3,5,0,0,6,M,7,1,0,No,1,Yes,34,New Jersey,7461,7461,1,Full Driver License,6,Valid,0,No (CDL),0,No Endorsements required for this vehicle,2,No valid license for this class vehicle,0,No Restrictions or Not Applicable,70,70,999,Unknown,1,1,0,,0,,4,4,0,,1,1,1,1,99,Unknown,9999,Unknown,99,Unknown,9999,Unknown,3,"Yes, Exceeded Speed Limit",3,"Two-Way,  Divided, Positive  Median Barrier",6,Six lanes,45,45 MPH,1,Straight,1,Level,8,Not Reported,1,Dry,3,Traffic control signal(on colors) not known whether or not Pedestrian Signal,3,Device Functioning Properly,1,Going Straight,51,Traveling in same direction with lower steady speed,99,Unknown/Not Reported,1,Tracking,1,Stayed in original travel lane,24,"D24-Same Trafficway, Same Direction-Rear End-Slower"
12,Florida,121490,2,2,7,July,6,6,19,7:00pm-7:59pm,4,4,12,Motor Vehicle In-Transport,6,Angle,1,1,1,Motor Vehicle In-Transport (Inside or Outside the Trafficway),0,No,12,Florida,2,Driver (in this crash) Not Registered Owner (Other Private Owner Listed),VBKLSV408RM7,VBKLSV408RM7,2024,2024,596,KTM,26522,690 SMC,85,Motorcycle - Dual Sport / Adventure / Supermoto / On/Off-road,98,Other Make,705,80,Two Wheel Motorcycle (excluding motor scooters),0,Not Applicable,11,"Class 1: 6,000 lbs. or less (2,722 kg or less)",11,"Class 1: 6,000 lbs. or less (2,722 kg or less)",0,No Trailers,7.78E+11,No Trailing Units,7.78E+11,No Trailing Units,7.78E+11,No Trailing Units,77,No Trailing Units,77,No Trailing Units,77,No Trailing Units,0,Not an Articulated Vehicle,0,Not Applicable,0,Not Applicable,0,Not Applicable,0,Not Applicable,0,Not Applicable (N/A),1,No,0,Not Applicable,0,Not Applicable,0,Not Applicable,0,Not Applicable,0,Not a Bus,0,No Special Use Noted,0,Not Applicable,45,045 MPH,7,Not Applicable,8,Not Applicable,8,Not Applicable,12,12 Clock Point,6,Disabling Damage,6,Towed,12,Motor Vehicle In-Transport,0,No or Not Reported,98705,Other Make 450-749cc,V,B,K,L,S,V,4,0,8,R,M,7,1,0,No,1,Yes,12,Florida,32818,32818,1,Full Driver License,6,Valid,0,No (CDL),0,No Endorsements required for this vehicle,2,No valid license for this class vehicle,3,"Restrictions, Compliance Unknown",66,66,999,Unknown,0,,0,,0,,0,,0,,0,,0,,0,No Record,0,No Record,0,No Record,0,No Record,0,No,1,"Two-Way, Not Divided",2,Two lanes,45,45 MPH,1,Straight,1,Level,8,Not Reported,1,Dry,0,No Controls,0,No Controls,1,Going Straight,67,"From crossing street, turning into opposite direction",99,Unknown/Not Reported,1,Tracking,1,Stayed in original travel lane,83,"K83-Changing Trafficway, Vehicle Turning-Turn Into Path-Turn Into Opposite Directions (Going Straight)"
12,Florida,121497,2,2,7,July,26,26,5,5:00am-5:59am,0,0,12,Motor Vehicle In-Transport,6,Angle,2,2,1,Motor Vehicle In-Transport (Inside or Outside the Trafficway),0,No,12,Florida,1,Driver (in this crash) was Registered Owner,LL0TCAPH8NG0,LL0TCAPH8NG0,2022,2022,4535,Yongfu,30478,YN50QT; YN150T; YN250T,12,Motorcycle - Scooter,98,Other Make,701,84,Motor Scooter,0,Not Applicable,11,"Class 1: 6,000 lbs. or less (2,722 kg or less)",11,"Class 1: 6,000 lbs. or less (2,722 kg or less)",0,No Trailers,7.78E+11,No Trailing Units,7.78E+11,No Trailing Units,7.78E+11,No Trailing Units,77,No Trailing Units,77,No Trailing Units,77,No Trailing Units,0,Not an Articulated Vehicle,0,Not Applicable,0,Not Applicable,0,Not Applicable,0,Not Applicable,0,Not Applicable (N/A),1,No,0,Not Applicable,0,Not Applicable,0,Not Applicable,0,Not Applicable,0,Not a Bus,0,No Special Use Noted,0,Not Applicable,40,040 MPH,7,Not Applicable,8,Not Applicable,8,Not Applicable,12,12 Clock Point,6,Disabling Damage,6,Towed,12,Motor Vehicle In-Transport,0,No or Not Reported,98701,Other Make 0-50cc,L,L,0,T,C,A,P,H,8,N,G,0,1,0,No,1,Yes,12,Florida,33144,33144,0,Not Licensed,0,Not licensed,0,No (CDL),0,No Endorsements required for this vehicle,0,Not licensed,0,No Restrictions or Not Applicable,999,Unknown,999,Unknown,0,,0,,0,,0,,0,,0,,0,,0,No Record,0,No Record,0,No Record,0,No Record,0,No,1,"Two-Way, Not Divided",5,Five lanes,40,40 MPH,1,Straight,1,Level,8,Not Reported,1,Dry,0,No Controls,0,No Controls,1,Going Straight,66,"From crossing street, across path",99,Unknown/Not Reported,1,Tracking,1,Stayed in original travel lane,86,L86-Intersecting Paths-Straight Paths-Striking from the Right
12,Florida,121500,1,3,6,June,8,8,16,4:00pm-4:59pm,38,38,12,Motor Vehicle In-Transport,6,Angle,1,1,1,Motor Vehicle In-Transport (Inside or Outside the Trafficway),0,No,12,Florida,1,Driver (in this crash) was Registered Owner,1HD1FCW19YY6,1HD1FCW19YY6,2000,2000,3888,Harley-Davidson,8509,Electra Glide Ultra Classic,81,Motorcycle - Touring / Sport Touring,72,Harley-Davidson,706,80,Two Wheel Motorcycle (excluding motor scooters),0,Not Applicable,11,"Class 1: 6,000 lbs. or less (2,722 kg or less)",11,"Class 1: 6,000 lbs. or less (2,722 kg or less)",0,No Trailers,7.78E+11,No Trailing Units,7.78E+11,No Trailing Units,7.78E+11,No Trailing Units,77,No Trailing Units,77,No Trailing Units,77,No Trailing Units,0,Not an Articulated Vehicle,0,Not Applicable,0,Not Applicable,0,Not Applicable,0,Not Applicable,0,Not Applicable (N/A),1,No,0,Not Applicable,0,Not Applicable,0,Not Applicable,0,Not Applicable,0,Not a Bus,0,No Special Use Noted,0,Not Applicable,55,055 MPH,7,Not Applicable,8,Not Applicable,8,Not Applicable,12,12 Clock Point,6,Disabling Damage,6,Towed,12,Motor Vehicle In-Transport,0,No or Not Reported,72706,Harley-Davidson 750cc or greater,1,H,D,1,F,C,W,1,9,Y,Y,6,0,0,No,1,Yes,12,Florida,32754,32754,1,Full Driver License,1,Suspended,1,Suspended,0,No Endorsements required for this vehicle,2,No valid license for this class vehicle,0,No Restrictions or Not Applicable,68,68,999,Unknown,0,,0,,0,,1,1,0,,0,,0,,5,May,2022,2022,5,May,2022,2022,0,No,2,"Two-Way, Divided, Unprotected Median",2,Two lanes,55,55 MPH,1,Straight,1,Level,8,Not Reported,1,Dry,0,No Controls,0,No Controls,1,Going Straight,51,Traveling in same direction with lower steady speed,6,Steering left,1,Tracking,1,Stayed in original travel lane,48,"F48-Same Trafficway, Same Direction-Angle, Sideswipe-Specifics Other"
12,Florida,121500,3,3,6,June,8,8,16,4:00pm-4:59pm,38,38,12,Motor Vehicle In-Transport,6,Angle,1,1,1,Motor Vehicle In-Transport (Inside or Outside the Trafficway),0,No,54,West Virginia,1,Driver (in this crash) was Registered Owner,1HD1KB4139Y6,1HD1KB4139Y6,2009,2009,3888,Harley-Davidson,8515,Street Glide,81,Motorcycle - Touring / Sport Touring,72,Harley-Davidson,706,80,Two Wheel Motorcycle (excluding motor scooters),0,Not Applicable,11,"Class 1: 6,000 lbs. or less (2,722 kg or less)",11,"Class 1: 6,000 lbs. or less (2,722 kg or less)",0,No Trailers,7.78E+11,No Trailing Units,7.78E+11,No Trailing Units,7.78E+11,No Trailing Units,77,No Trailing Units,77,No Trailing Units,77,No Trailing Units,0,Not an Articulated Vehicle,0,Not Applicable,0,Not Applicable,0,Not Applicable,0,Not Applicable,0,Not Applicable (N/A),1,No,0,Not Applicable,0,Not Applicable,0,Not Applicable,0,Not Applicable,0,Not a Bus,0,No Special Use Noted,0,Not Applicable,55,055 MPH,7,Not Applicable,8,Not Applicable,8,Not Applicable,12,12 Clock Point,6,Disabling Damage,6,Towed,12,Motor Vehicle In-Transport,0,No or Not Reported,72706,Harley-Davidson 750cc or greater,1,H,D,1,K,B,4,1,3,9,Y,6,1,0,No,1,Yes,12,Florida,32754,32754,1,Full Driver License,6,Valid,6,Valid,0,No Endorsements required for this vehicle,3,Valid license for this class vehicle,0,No Restrictions or Not Applicable,73,73,999,Unknown,0,,0,,0,,0,,0,,0,,0,,0,No Record,0,No Record,0,No Record,0,No Record,0,No,2,"Two-Way, Divided, Unprotected Median",2,Two lanes,55,55 MPH,1,Straight,1,Level,8,Not Reported,1,Dry,0,No Controls,0,No Controls,1,Going Straight,51,Traveling in same direction with lower steady speed,99,Unknown/Not Reported,1,Tracking,1,Stayed in original travel lane,98,M98-Other Crash Type
12,Florida,121502,1,3,7,July,4,4,18,6:00pm-6:59pm,50,50,12,Motor Vehicle In-Transport,1,Front-to-Rear,1,1,1,Motor Vehicle In-Transport (Inside or Outside the Trafficway),0,No,12,Florida,1,Driver (in this crash) was Registered Owner,1.00E+12,Reported as Unknown,9999,Unknown,99999,Unknown,99999,Unknown,84,Off-road Vehicle - Dirt Bike / Off-Road,99,Unknown Make,701,83,Off-road Motorcycle,0,Not Applicable,11,"Class 1: 6,000 lbs. or less (2,722 kg or less)",11,"Class 1: 6,000 lbs. or less (2,722 kg or less)",0,No Trailers,7.78E+11,No Trailing Units,7.78E+11,No Trailing Units,7.78E+11,No Trailing Units,77,No Trailing Units,77,No Trailing Units,77,No Trailing Units,0,Not an Articulated Vehicle,0,Not Applicable,0,Not Applicable,0,Not Applicable,0,Not Applicable,0,Not Applicable (N/A),1,No,0,Not Applicable,0,Not Applicable,0,Not Applicable,0,Not Applicable,99,Reported as Unknown,0,No Special Use Noted,0,Not Applicable,30,030 MPH,7,Not Applicable,8,Not Applicable,8,Not Applicable,12,12 Clock Point,6,Disabling Damage,6,Towed,12,Motor Vehicle In-Transport,0,No or Not Reported,99701,Unknown Make 0-50cc,9,9,9,9,9,9,9,9,9,9,9,9,1,0,No,1,Yes,12,Florida,33170,33170,1,Full Driver License,1,Suspended,0,No (CDL),0,No Endorsements required for this vehicle,2,No valid license for this class vehicle,0,No Restrictions or Not Applicable,66,66,999,Unknown,0,,0,,0,,2,2,0,,0,,0,,8,August,2021,2021,12,December,2021,2021,0,No,1,"Two-Way, Not Divided",2,Two lanes,35,35 MPH,1,Straight,1,Level,8,Not Reported,1,Dry,0,No Controls,0,No Controls,1,Going Straight,50,Other vehicle stopped,99,Unknown/Not Reported,1,Tracking,1,Stayed in original travel lane,20,"D20-Same Trafficway, Same Direction-Rear End-Stopped"
12,Florida,121502,2,3,7,July,4,4,18,6:00pm-6:59pm,50,50,12,Motor Vehicle In-Transport,1,Front-to-Rear,1,1,1,Motor Vehicle In-Transport (Inside or Outside the Trafficway),0,No,12,Florida,1,Driver (in this crash) was Registered Owner,JYARN72E1PA0,JYARN72E1PA0,2023,2023,564,Yamaha,29669,MTN890 (MT-09),80,Motorcycle - Sport,76,Yamaha,706,80,Two Wheel Motorcycle (excluding motor scooters),0,Not Applicable,11,"Class 1: 6,000 lbs. or less (2,722 kg or less)",11,"Class 1: 6,000 lbs. or less (2,722 kg or less)",0,No Trailers,7.78E+11,No Trailing Units,7.78E+11,No Trailing Units,7.78E+11,No Trailing Units,77,No Trailing Units,77,No Trailing Units,77,No Trailing Units,0,Not an Articulated Vehicle,0,Not Applicable,0,Not Applicable,0,Not Applicable,0,Not Applicable,0,Not Applicable (N/A),1,No,0,Not Applicable,0,Not Applicable,0,Not Applicable,0,Not Applicable,0,Not a Bus,0,No Special Use Noted,0,Not Applicable,0,Stopped Motor Vehicle In-Transport,7,Not Applicable,8,Not Applicable,8,Not Applicable,6,6 Clock Point,9,Reported as Unknown,5,Not Towed,12,Motor Vehicle In-Transport,0,No or Not Reported,76706,Yamaha 750cc or greater,J,Y,A,R,N,7,2,E,1,P,A,0,0,0,No,1,Yes,12,Florida,33170,33170,1,Full Driver License,6,Valid,0,No (CDL),0,No Endorsements required for this vehicle,2,No valid license for this class vehicle,0,No Restrictions or Not Applicable,65,65,999,Unknown,0,,0,,0,,0,,0,,0,,0,,0,No Record,0,No Record,0,No Record,0,No Record,0,No,1,"Two-Way, Not Divided",2,Two lanes,35,35 MPH,1,Straight,1,Level,8,Not Reported,1,Dry,0,No Controls,0,No Controls,5,Stopped in Roadway,15,Turning Left,1,No Avoidance Maneuver,1,Tracking,1,Stayed in original travel lane,22,"D22-Same Trafficway, Same Direction-Rear End-Stopped, Left"
12,Florida,121515,2,2,7,July,18,18,21,9:00pm-9:59pm,10,10,12,Motor Vehicle In-Transport,6,Angle,1,1,1,Motor Vehicle In-Transport (Inside or Outside the Trafficway),0,No,12,Florida,2,Driver (in this crash) Not Registered Owner (Other Private Owner Listed),JH2SC26471M1,JH2SC26471M1,2001,2001,474,Honda,33633,ST1100AL,98,Motorcycle - Street,37,Honda,706,80,Two Wheel Motorcycle (excluding motor scooters),0,Not Applicable,11,"Class 1: 6,000 lbs. or less (2,722 kg or less)",11,"Class 1: 6,000 lbs. or less (2,722 kg or less)",0,No Trailers,7.78E+11,No Trailing Units,7.78E+11,No Trailing Units,7.78E+11,No Trailing Units,77,No Trailing Units,77,No Trailing Units,77,No Trailing Units,0,Not an Articulated Vehicle,0,Not Applicable,0,Not Applicable,0,Not Applicable,0,Not Applicable,0,Not Applicable (N/A),1,No,0,Not Applicable,0,Not Applicable,0,Not Applicable,0,Not Applicable,0,Not a Bus,0,No Special Use Noted,0,Not Applicable,40,040 MPH,7,Not Applicable,8,Not Applicable,8,Not Applicable,12,12 Clock Point,6,Disabling Damage,6,Towed,12,Motor Vehicle In-Transport,0,No or Not Reported,37706,Honda 750 cc or greater,J,H,2,S,C,2,6,4,7,1,M,1,1,0,No,1,Yes,12,Florida,33126,33126,7,Learner's Permit,6,Valid,0,No (CDL),0,No Endorsements required for this vehicle,3,Valid license for this class vehicle,0,No Restrictions or Not Applicable,70,70,999,Unknown,0,,0,,0,,0,,0,,0,,0,,0,No Record,0,No Record,0,No Record,0,No Record,0,No,5,"Two-Way, Not Divided With a Continuous Left-Turn Lane",5,Five lanes,40,40 MPH,1,Straight,1,Level,8,Not Reported,1,Dry,0,No Controls,0,No Controls,1,Going Straight,70,"From driveway, turning into same direction",99,Unknown/Not Reported,1,Tracking,1,Stayed in original travel lane,77,"K77-Changing Trafficway, Vehicle Turning-Turn Into Path-Turn Into Same Direction (Going Straight)"
12,Florida,121516,1,1,7,July,20,20,16,4:00pm-4:59pm,25,25,33,Curb,0,The First Harmful Event was Not a Collision with a Motor Vehicle in Transport,1,1,1,Motor Vehicle In-Transport (Inside or Outside the Trafficway),0,No,12,Florida,1,Driver (in this crash) was Registered Owner,MH3RH18Y1RK0,MH3RH18Y1RK0,2024,2024,564,Yamaha,30328,YZF-R3,80,Motorcycle - Sport,76,Yamaha,703,80,Two Wheel Motorcycle (excluding motor scooters),0,Not Applicable,11,"Class 1: 6,000 lbs. or less (2,722 kg or less)",11,"Class 1: 6,000 lbs. or less (2,722 kg or less)",0,No Trailers,7.78E+11,No Trailing Units,7.78E+11,No Trailing Units,7.78E+11,No Trailing Units,77,No Trailing Units,77,No Trailing Units,77,No Trailing Units,0,Not an Articulated Vehicle,0,Not Applicable,0,Not Applicable,0,Not Applicable,0,Not Applicable,0,Not Applicable (N/A),1,No,0,Not Applicable,0,Not Applicable,0,Not Applicable,0,Not Applicable,0,Not a Bus,0,No Special Use Noted,0,Not Applicable,48,048 MPH,7,Not Applicable,8,Not Applicable,8,Not Applicable,1,1 Clock Point,6,Disabling Damage,6,Towed,30,Utility Pole/Light Support,0,No or Not Reported,76703,Yamaha 125-349cc,M,H,3,R,H,1,8,Y,1,R,K,0,1,0,No,1,Yes,12,Florida,34291,34291,1,Full Driver License,6,Valid,0,No (CDL),0,No Endorsements required for this vehicle,3,Valid license for this class vehicle,0,No Restrictions or Not Applicable,61,61,999,Unknown,1,1,0,,0,,0,,0,,0,,1,1,11,November,2021,2021,6,June,2023,2023,0,No,2,"Two-Way, Divided, Unprotected Median",2,Two lanes,40,40 MPH,3,Curve Left,1,Level,8,Not Reported,1,Dry,0,No Controls,0,No Controls,14,Negotiating a Curve,13,Off the edge of the road on the right side,99,Unknown/Not Reported,9,Precrash stability unknown,4,Departed roadway,2,A2-Single Driver-Right Roadside Departure-Control/Traction Loss
12,Florida,121517,1,2,7,July,24,24,20,8:00pm-8:59pm,35,35,12,Motor Vehicle In-Transport,6,Angle,1,1,1,Motor Vehicle In-Transport (Inside or Outside the Trafficway),0,No,12,Florida,1,Driver (in this crash) was Registered Owner,JH2SC7771KK2,JH2SC7771KK2,2019,2019,474,Honda,33515,CBR1000RR,80,Motorcycle - Sport,37,Honda,706,80,Two Wheel Motorcycle (excluding motor scooters),0,Not Applicable,11,"Class 1: 6,000 lbs. or less (2,722 kg or less)",11,"Class 1: 6,000 lbs. or less (2,722 kg or less)",0,No Trailers,7.78E+11,No Trailing Units,7.78E+11,No Trailing Units,7.78E+11,No Trailing Units,77,No Trailing Units,77,No Trailing Units,77,No Trailing Units,0,Not an Articulated Vehicle,0,Not Applicable,0,Not Applicable,0,Not Applicable,0,Not Applicable,0,Not Applicable (N/A),1,No,0,Not Applicable,0,Not Applicable,0,Not Applicable,0,Not Applicable,0,Not a Bus,0,No Special Use Noted,0,Not Applicable,130,130 MPH,7,Not Applicable,8,Not Applicable,8,Not Applicable,12,12 Clock Point,6,Disabling Damage,6,Towed,12,Motor Vehicle In-Transport,0,No or Not Reported,37706,Honda 750 cc or greater,J,H,2,S,C,7,7,7,1,K,K,2,1,0,No,1,Yes,12,Florida,32117,32117,1,Full Driver License,6,Valid,0,No (CDL),0,No Endorsements required for this vehicle,3,Valid license for this class vehicle,0,No Restrictions or Not Applicable,72,72,999,Unknown,0,,0,,0,,0,,0,,1,1,0,,5,May,2022,2022,5,May,2022,2022,3,"Yes, Exceeded Speed Limit",2,"Two-Way, Divided, Unprotected Median",2,Two lanes,55,55 MPH,1,Straight,1,Level,8,Not Reported,1,Dry,0,No Controls,0,No Controls,1,Going Straight,62,From opposite direction  over left lane line,99,Unknown/Not Reported,1,Tracking,1,Stayed in original travel lane,69,"J69-Changing Trafficway, Vehicle Turning-Turn Across Path-Initial Opposite Directions (Going Straight)"
12,Florida,121531,1,2,6,June,24,24,3,3:00am-3:59am,13,13,12,Motor Vehicle In-Transport,1,Front-to-Rear,1,1,1,Motor Vehicle In-Transport (Inside or Outside the Trafficway),0,No,12,Florida,1,Driver (in this crash) was Registered Owner,3A40379J0,3A40379J0,1980,1980,3888,Harley-Davidson,99997,Other,125,Motorcycle - Unknown Body Class,72,Harley-Davidson,709,89,Unknown motored cycle type,0,Not Applicable,11,"Class 1: 6,000 lbs. or less (2,722 kg or less)",11,"Class 1: 6,000 lbs. or less (2,722 kg or less)",0,No Trailers,7.78E+11,No Trailing Units,7.78E+11,No Trailing Units,7.78E+11,No Trailing Units,77,No Trailing Units,77,No Trailing Units,77,No Trailing Units,0,Not an Articulated Vehicle,0,Not Applicable,0,Not Applicable,0,Not Applicable,0,Not Applicable,0,Not Applicable (N/A),1,No,0,Not Applicable,0,Not Applicable,0,Not Applicable,0,Not Applicable,0,Not a Bus,0,No Special Use Noted,0,Not Applicable,25,025 MPH,7,Not Applicable,8,Not Applicable,8,Not Applicable,6,6 Clock Point,6,Disabling Damage,6,Towed,12,Motor Vehicle In-Transport,0,No or Not Reported,72709,Harley-Davidson Unknown cc,3,A,4,0,3,7,9,J,0,,,,1,0,No,1,Yes,12,Florida,32569,32569,1,Full Driver License,6,Valid,0,No (CDL),0,No Endorsements required for this vehicle,3,Valid license for this class vehicle,0,No Restrictions or Not Applicable,71,71,999,Unknown,0,,0,,0,,0,,0,,0,,0,,0,No Record,0,No Record,0,No Record,0,No Record,0,No,2,"Two-Way, Divided, Unprotected Median",4,Four lanes,55,55 MPH,1,Straight,1,Level,8,Not Reported,1,Dry,0,No Controls,0,No Controls,2,Decelerating in Road,18,This vehicle decelerating,99,Unknown/Not Reported,1,Tracking,2,"Stayed on roadway, but left original travel lane",29,"D29-Same Trafficway, Same Direction-Rear End-Decelerating (Slowing), Going Straight"