STATE,STATENAME,ST_CASE,VEH_NO,VE_FORMS,MONTH,MONTHNAME,DAY,DAYNAME,HOUR,HOURNAME,MINUTE,MINUTENAME,HARM_EV,HARM_EVNAME,MAN_COLL,MAN_COLLNAME,NUMOCCS,NUMOCCSNAME,UNITTYPE,UNITTYPENAME,HIT_RUN,HIT_RUNNAME,REG_STAT,REG_STATNAME,OWNER,OWNERNAME,VIN,VINNAME,MOD_YEAR,MOD_YEARNAME,VPICMAKE,VPICMAKENAME,VPICMODEL,VPICMODELNAME,VPICBODYCLASS,VPICBODYCLASSNAME,MAKE,MAKENAME,MODEL,BODY_TYP,BODY_TYPNAME,ICFINALBODY,ICFINALBODYNAME,GVWR_FROM,GVWR_FROMNAME,GVWR_TO,GVWR_TONAME,TOW_VEH,TOW_VEHNAME,TRLR1VIN,TRLR1VINNAME,TRLR2VIN,TRLR2VINNAME,TRLR3VIN,TRLR3VINNAME,TRLR1GVWR,TRLR1GVWRNAME,TRLR2GVWR,TRLR2GVWRNAME,TRLR3GVWR,TRLR3GVWRNAME,J_KNIFE,J_KNIFENAME,MCARR_ID,MCARR_IDNAME,MCARR_I1,MCARR_I1NAME,MCARR_I2,MCARR_I2NAME,V_CONFIG,V_CONFIGNAME,CARGO_BT,CARGO_BTNAME,HAZ_INV,HAZ_INVNAME,HAZ_PLAC,HAZ_PLACNAME,HAZ_ID,HAZ_IDNAME,HAZ_CNO,HAZ_CNONAME,HAZ_REL,HAZ_RELNAME,BUS_USE,BUS_USENAME,SPEC_USE,SPEC_USENAME,EMER_USE,EMER_USENAME,TRAV_SP,TRAV_SPNAME,UNDEROVERRIDE,UNDEROVERRIDENAME,ROLLOVER,ROLLOVERNAME,ROLINLOC,ROLINLOCNAME,IMPACT1,IMPACT1NAME,DEFORMED,DEFORMEDNAME,TOWED,TOWEDNAME,M_HARM,M_HARMNAME,FIRE_EXP,FIRE_EXPNAME,MAK_MOD,MAK_MODNAME,VIN_1,VIN_2,VIN_3,VIN_4,VIN_5,VIN_6,VIN_7,VIN_8,VIN_9,VIN_10,VIN_11,VIN_12,DEATHS,DR_DRINK,DR_DRINKNAME,DR_PRES,DR_PRESNAME,L_STATE,L_STATENAME,DR_ZIP,DR_ZIPNAME,L_TYPE,L_TYPENAME,L_STATUS,L_STATUSNAME,CDL_STAT,CDL_STATNAME,L_ENDORS,L_ENDORSNAME,L_COMPL,L_COMPLNAME,L_RESTRI,L_RESTRINAME,DR_HGT,DR_HGTNAME,DR_WGT,DR_WGTNAME,PREV_ACC,PREV_ACCNAME,PREV_SUS1,PREV_SUS1NAME,PREV_SUS2,PREV_SUS2NAME,PREV_SUS3,PREV_SUS3NAME,PREV_DWI,PREV_DWINAME,PREV_SPD,PREV_SPDNAME,PREV_OTH,PREV_OTHNAME,FIRST_MO,FIRST_MONAME,FIRST_YR,FIRST_YRNAME,LAST_MO,LAST_MONAME,LAST_YR,LAST_YRNAME,SPEEDREL,SPEEDRELNAME,VTRAFWAY,VTRAFWAYNAME,VNUM_LAN,VNUM_LANNAME,VSPD_LIM,VSPD_LIMNAME,VALIGN,VALIGNNAME,VPROFILE,VPROFILENAME,VPAVETYP,VPAVETYPNAME,VSURCOND,VSURCONDNAME,VTRAFCON,VTRAFCONNAME,VTCONT_F,VTCONT_FNAME,P_CRASH1,P_CRASH1NAME,P_CRASH2,P_CRASH2NAME,P_CRASH3,P_CRASH3NAME,PCRASH4,PCRASH4NAME,PCRASH5,PCRASH5NAME,ACC_TYPE,ACC_TYPENAME
12,Florida,122177,1,2,5,May,31,31,16,4:00pm-4:59pm,10,10,12,Motor Vehicle In-Transport,6,Angle,1,1,1,Motor Vehicle In-Transport (Inside or Outside the Trafficway),0,No,12,Florida,1,Driver (in this crash) was Registered Owner,1HD1MAF11KB8,1HD1MAF11KB8,2019,2019,3888,Harley-Davidson,12633,FLHTCUTG / Tri Glide Ultra,83,Motorcycle - Three-Wheeled Motorcycle [2 Rear Wheels],72,Harley-Davidson,706,82,Three-wheel Motorcycle (2 Rear Wheels),0,Not Applicable,11,"Class 1: 6,000 lbs. or less (2,722 kg or less)",11,"Class 1: 6,000 lbs. or less (2,722 kg or less)",0,No Trailers,7.78E+11,No Trailing Units,7.78E+11,No Trailing Units,7.78E+11,No Trailing Units,77,No Trailing Units,77,No Trailing Units,77,No Trailing Units,0,Not an Articulated Vehicle,0,Not Applicable,0,Not Applicable,0,Not Applicable,0,Not Applicable,0,Not Applicable (N/A),1,No,0,Not Applicable,0,Not Applicable,0,Not Applicable,0,Not Applicable,0,Not a Bus,0,No Special Use Noted,0,Not Applicable,5,005 MPH,7,Not Applicable,0,No Rollover,0,No Rollover,12,12 Clock Point,4,Functional Damage,5,Not Towed,12,Motor Vehicle In-Transport,0,No or Not Reported,72706,Harley-Davidson 750cc or greater,1,H,D,1,M,A,F,1,1,K,B,8,1,0,No,1,Yes,12,Florida,34983,34983,1,Full Driver License,6,Valid,3,Expired,0,No Endorsements required for this vehicle,3,Valid license for this class vehicle,3,"Restrictions, Compliance Unknown",70,70,999,Unknown,0,,0,,0,,0,,0,,0,,0,,0,No Record,0,No Record,0,No Record,0,No Record,0,No,3,"Two-Way,  Divided, Positive  Median Barrier",4,Four lanes,30,30 MPH,1,Straight,1,Level,8,Not Reported,1,Dry,3,Traffic control signal(on colors) not known whether or not Pedestrian Signal,3,Device Functioning Properly,10,Turning Right,16,Turning Right,99,Unknown/Not Reported,1,Tracking,2,"Stayed on roadway, but left original travel lane",78,"K78-Changing Trafficway, Vehicle Turning-Turn Into Path-Turn Into Same Direction (Turning Right)"
12,Florida,122193,2,2,8,August,21,21,16,4:00pm-4:59pm,8,8,12,Motor Vehicle In-Transport,6,Angle,1,1,1,Motor Vehicle In-Transport (Inside or Outside the Trafficway),0,No,12,Florida,1,Driver (in this crash) was Registered Owner,1HD1KVC25HB6,1HD1KVC25HB6,2017,2017,3888,Harley-Davidson,15792,FLHRXS / Road King Special,81,Motorcycle - Touring / Sport Touring,72,Harley-Davidson,706,80,Two Wheel Motorcycle (excluding motor scooters),0,Not Applicable,11,"Class 1: 6,000 lbs. or less (2,722 kg or less)",11,"Class 1: 6,000 lbs. or less (2,722 kg or less)",0,No Trailers,7.78E+11,No Trailing Units,7.78E+11,No Trailing Units,7.78E+11,No Trailing Units,77,No Trailing Units,77,No Trailing Units,77,No Trailing Units,0,Not an Articulated Vehicle,0,Not Applicable,0,Not Applicable,0,Not Applicable,0,Not Applicable,0,Not Applicable (N/A),1,No,0,Not Applicable,0,Not Applicable,0,Not Applicable,0,Not Applicable,0,Not a Bus,0,No Special Use Noted,0,Not Applicable,998,Not Reported,7,Not Applicable,8,Not Applicable,8,Not Applicable,3,3 Clock Point,6,Disabling Damage,6,Towed,12,Motor Vehicle In-Transport,0,No or Not Reported,72706,Harley-Davidson 750cc or greater,1,H,D,1,K,V,C,2,5,H,B,6,1,0,No,1,Yes,12,Florida,33616,33616,1,Full Driver License,6,Valid,6,Valid,0,No Endorsements required for this vehicle,3,Valid license for this class vehicle,0,No Restrictions or Not Applicable,70,70,999,Unknown,1,1,0,,0,,0,,0,,0,,0,,9,September,2019,2019,9,September,2019,2019,0,No,1,"Two-Way, Not Divided",2,Two lanes,25,25 MPH,1,Straight,1,Level,8,Not Reported,1,Dry,0,No Controls,0,No Controls,1,Going Straight,66,"From crossing street, across path",99,Unknown/Not Reported,1,Tracking,1,Stayed in original travel lane,87,L87-Intersecting Paths-Straight Paths-Struck on the Right
12,Florida,122194,1,1,8,August,23,23,10,10:00am-10:59am,10,10,24,Guardrail Face,0,The First Harmful Event was Not a Collision with a Motor Vehicle in Transport,1,1,1,Motor Vehicle In-Transport (Inside or Outside the Trafficway),0,No,12,Florida,2,Driver (in this crash) Not Registered Owner (Other Private Owner Listed),JS1GT78A2D21,JS1GT78A2D21,2013,2013,509,Suzuki,13179,GSX-R1000,98,Motorcycle - Street,53,Suzuki,706,80,Two Wheel Motorcycle (excluding motor scooters),0,Not Applicable,11,"Class 1: 6,000 lbs. or less (2,722 kg or less)",11,"Class 1: 6,000 lbs. or less (2,722 kg or less)",0,No Trailers,7.78E+11,No Trailing Units,7.78E+11,No Trailing Units,7.78E+11,No Trailing Units,77,No Trailing Units,77,No Trailing Units,77,No Trailing Units,0,Not an Articulated Vehicle,0,Not Applicable,0,Not Applicable,0,Not Applicable,0,Not Applicable,0,Not Applicable (N/A),1,No,0,Not Applicable,0,Not Applicable,0,Not Applicable,0,Not Applicable,0,Not a Bus,0,No Special Use Noted,0,Not Applicable,65,065 MPH,7,Not Applicable,8,Not Applicable,8,Not Applicable,12,12 Clock Point,6,Disabling Damage,6,Towed,24,Guardrail Face,0,No or Not Reported,53706,Suzuki 750cc-over,J,S,1,G,T,7,8,A,2,D,2,1,1,0,No,1,Yes,12,Florida,32095,32095,1,Full Driver License,6,Valid,0,No (CDL),0,No Endorsements required for this vehicle,2,No valid license for this class vehicle,0,No Restrictions or Not Applicable,67,67,999,Unknown,0,,0,,0,,0,,0,,0,,0,,0,No Record,0,No Record,0,No Record,0,No Record,4,"Yes, Too Fast for Conditions",1,"Two-Way, Not Divided",2,Two lanes,25,25 MPH,1,Straight,1,Level,8,Not Reported,1,Dry,0,No Controls,0,No Controls,1,Going Straight,12,Off the edge of the road on the left side,99,Unknown/Not Reported,1,Tracking,4,Departed roadway,6,B6-Single Driver-Left Roadside Departure-Drive Off Road
12,Florida,122198,1,2,8,August,28,28,14,2:00pm-2:59pm,45,45,12,Motor Vehicle In-Transport,6,Angle,1,1,1,Motor Vehicle In-Transport (Inside or Outside the Trafficway),0,No,12,Florida,1,Driver (in this crash) was Registered Owner,SMT601PKXBJ4,SMT601PKXBJ4,2011,2011,565,Triumph,2897,Sprint,6,Motorcycle - Standard,50,Triumph,706,80,Two Wheel Motorcycle (excluding motor scooters),0,Not Applicable,11,"Class 1: 6,000 lbs. or less (2,722 kg or less)",11,"Class 1: 6,000 lbs. or less (2,722 kg or less)",0,No Trailers,7.78E+11,No Trailing Units,7.78E+11,No Trailing Units,7.78E+11,No Trailing Units,77,No Trailing Units,77,No Trailing Units,77,No Trailing Units,0,Not an Articulated Vehicle,0,Not Applicable,0,Not Applicable,0,Not Applicable,0,Not Applicable,0,Not Applicable (N/A),1,No,0,Not Applicable,0,Not Applicable,0,Not Applicable,0,Not Applicable,0,Not a Bus,0,No Special Use Noted,0,Not Applicable,60,060 MPH,7,Not Applicable,8,Not Applicable,8,Not Applicable,12,12 Clock Point,6,Disabling Damage,6,Towed,12,Motor Vehicle In-Transport,0,No or Not Reported,50706,Triumph 750cc or greater,S,M,T,6,0,1,P,K,X,B,J,4,1,0,No,1,Yes,12,Florida,32145,32145,1,Full Driver License,6,Valid,0,No (CDL),0,No Endorsements required for this vehicle,3,Valid license for this class vehicle,0,No Restrictions or Not Applicable,69,69,999,Unknown,0,,0,,0,,1,1,0,,0,,0,,9,September,2022,2022,9,September,2022,2022,0,No,2,"Two-Way, Divided, Unprotected Median",3,Three lanes,45,45 MPH,1,Straight,1,Level,8,Not Reported,1,Dry,0,No Controls,0,No Controls,11,Turning Left,15,Turning Left,99,Unknown/Not Reported,1,Tracking,1,Stayed in original travel lane,68,"J68-Changing Trafficway, Vehicle Turning-Turn Across Path-Initial Opposite Directions (Left/Right)"
12,Florida,122209,2,2,10,October,23,23,15,3:00pm-3:59pm,37,37,12,Motor Vehicle In-Transport,6,Angle,2,2,1,Motor Vehicle In-Transport (Inside or Outside the Trafficway),0,No,12,Florida,1,Driver (in this crash) was Registered Owner,1HD1EAL14NY1,1HD1EAL14NY1,1992,1992,3888,Harley-Davidson,15905,FXR,81,Motorcycle - Touring / Sport Touring,72,Harley-Davidson,706,80,Two Wheel Motorcycle (excluding motor scooters),0,Not Applicable,11,"Class 1: 6,000 lbs. or less (2,722 kg or less)",11,"Class 1: 6,000 lbs. or less (2,722 kg or less)",0,No Trailers,7.78E+11,No Trailing Units,7.78E+11,No Trailing Units,7.78E+11,No Trailing Units,77,No Trailing Units,77,No Trailing Units,77,No Trailing Units,0,Not an Articulated Vehicle,0,Not Applicable,0,Not Applicable,0,Not Applicable,0,Not Applicable,0,Not Applicable (N/A),1,No,0,Not Applicable,0,Not Applicable,0,Not Applicable,0,Not Applicable,0,Not a Bus,0,No Special Use Noted,0,Not Applicable,30,030 MPH,7,Not Applicable,8,Not Applicable,8,Not Applicable,12,12 Clock Point,6,Disabling Damage,6,Towed,12,Motor Vehicle In-Transport,0,No or Not Reported,72706,Harley-Davidson 750cc or greater,1,H,D,1,E,A,L,1,4,N,Y,1,1,0,No,1,Yes,36,New York,12137,12137,1,Full Driver License,6,Valid,0,No (CDL),0,No Endorsements required for this vehicle,3,Valid license for this class vehicle,0,No Restrictions or Not Applicable,64,64,999,Unknown,0,,0,,0,,0,,0,,0,,0,,0,No Record,0,No Record,0,No Record,0,No Record,0,No,2,"Two-Way, Divided, Unprotected Median",2,Two lanes,30,30 MPH,1,Straight,1,Level,8,Not Reported,1,Dry,3,Traffic control signal(on colors) not known whether or not Pedestrian Signal,3,Device Functioning Properly,1,Going Straight,66,"From crossing street, across path",99,Unknown/Not Reported,1,Tracking,1,Stayed in original travel lane,88,L88-Intersecting Paths-Straight Paths-Striking from the Left
12,Florida,122213,2,2,10,October,19,19,23,11:00pm-11:59pm,46,46,12,Motor Vehicle In-Transport,6,Angle,1,1,1,Motor Vehicle In-Transport (Inside or Outside the Trafficway),0,No,12,Florida,1,Driver (in this crash) was Registered Owner,JYARN07E92A0,JYARN07E92A0,2002,2002,564,Yamaha,11909,FZS1000,80,Motorcycle - Sport,76,Yamaha,706,80,Two Wheel Motorcycle (excluding motor scooters),0,Not Applicable,11,"Class 1: 6,000 lbs. or less (2,722 kg or less)",11,"Class 1: 6,000 lbs. or less (2,722 kg or less)",0,No Trailers,7.78E+11,No Trailing Units,7.78E+11,No Trailing Units,7.78E+11,No Trailing Units,77,No Trailing Units,77,No Trailing Units,77,No Trailing Units,0,Not an Articulated Vehicle,0,Not Applicable,0,Not Applicable,0,Not Applicable,0,Not Applicable,0,Not Applicable (N/A),1,No,0,Not Applicable,0,Not Applicable,0,Not Applicable,0,Not Applicable,0,Not a Bus,0,No Special Use Noted,0,Not Applicable,998,Not Reported,7,Not Applicable,8,Not Applicable,8,Not Applicable,12,12 Clock Point,6,Disabling Damage,6,Towed,12,Motor Vehicle In-Transport,0,No or Not Reported,76706,Yamaha 750cc or greater,J,Y,A,R,N,0,7,E,9,2,A,0,1,0,No,1,Yes,12,Florida,32935,32935,1,Full Driver License,6,Valid,0,No (CDL),0,No Endorsements required for this vehicle,3,Valid license for this class vehicle,1,Restrictions Complied With,70,70,999,Unknown,0,,0,,0,,0,,0,,0,,1,1,8,August,2024,2024,8,August,2024,2024,0,No,2,"Two-Way, Divided, Unprotected Median",5,Five lanes,98,Not Reported,1,Straight,1,Level,8,Not Reported,1,Dry,3,Traffic control signal(on colors) not known whether or not Pedestrian Signal,3,Device Functioning Properly,1,Going Straight,65,"From crossing street, turning into same direction",99,Unknown/Not Reported,1,Tracking,1,Stayed in original travel lane,79,"K79-Changing Trafficway, Vehicle Turning-Turn Into Path-Turn Into Same Direction (Going Straight)"
12,Florida,122214,2,2,10,October,24,24,15,3:00pm-3:59pm,40,40,54,"Motor Vehicle In-Transport Strikes or is Struck by Cargo, Persons or Objects Set-in-Motion from/by Another Motor Vehicle In Transport",11,Other,1,1,1,Motor Vehicle In-Transport (Inside or Outside the Trafficway),0,No,12,Florida,1,Driver (in this crash) was Registered Owner,1HD1GHL10WY3,1HD1GHL10WY3,1998,1998,3888,Harley-Davidson,11582,FXD,94,Motorcycle - Custom,72,Harley-Davidson,706,80,Two Wheel Motorcycle (excluding motor scooters),0,Not Applicable,11,"Class 1: 6,000 lbs. or less (2,722 kg or less)",11,"Class 1: 6,000 lbs. or less (2,722 kg or less)",0,No Trailers,7.78E+11,No Trailing Units,7.78E+11,No Trailing Units,7.78E+11,No Trailing Units,77,No Trailing Units,77,No Trailing Units,77,No Trailing Units,0,Not an Articulated Vehicle,0,Not Applicable,0,Not Applicable,0,Not Applicable,0,Not Applicable,0,Not Applicable (N/A),1,No,0,Not Applicable,0,Not Applicable,0,Not Applicable,0,Not Applicable,0,Not a Bus,0,No Special Use Noted,0,Not Applicable,35,035 MPH,7,Not Applicable,8,Not Applicable,8,Not Applicable,12,12 Clock Point,6,Disabling Damage,6,Towed,54,"Motor Vehicle In-Transport Strikes or is Struck by Cargo, Persons or Objects Set-in-Motion from/by Another Motor Vehicle In Transport",0,No or Not Reported,72706,Harley-Davidson 750cc or greater,1,H,D,1,G,H,L,1,0,W,Y,3,1,0,No,1,Yes,12,Florida,32118,32118,1,Full Driver License,6,Valid,0,No (CDL),0,No Endorsements required for this vehicle,3,Valid license for this class vehicle,0,No Restrictions or Not Applicable,74,74,999,Unknown,0,,0,,0,,0,,0,,0,,0,,0,No Record,0,No Record,0,No Record,0,No Record,0,No,1,"Two-Way, Not Divided",2,Two lanes,35,35 MPH,1,Straight,1,Level,8,Not Reported,1,Dry,0,No Controls,0,No Controls,1,Going Straight,98,Other critical precrash event (specify:),99,Unknown/Not Reported,1,Tracking,1,Stayed in original travel lane,98,M98-Other Crash Type
12,Florida,122219,1,3,10,October,26,26,15,3:00pm-3:59pm,40,40,12,Motor Vehicle In-Transport,1,Front-to-Rear,1,1,1,Motor Vehicle In-Transport (Inside or Outside the Trafficway),0,No,12,Florida,1,Driver (in this crash) was Registered Owner,JYAVP02E4YA0,JYAVP02E4YA0,2000,2000,564,Yamaha,12005,XV1600 Road Star,82,Motorcycle - Cruiser,76,Yamaha,706,80,Two Wheel Motorcycle (excluding motor scooters),0,Not Applicable,11,"Class 1: 6,000 lbs. or less (2,722 kg or less)",11,"Class 1: 6,000 lbs. or less (2,722 kg or less)",0,No Trailers,7.78E+11,No Trailing Units,7.78E+11,No Trailing Units,7.78E+11,No Trailing Units,77,No Trailing Units,77,No Trailing Units,77,No Trailing Units,0,Not an Articulated Vehicle,0,Not Applicable,0,Not Applicable,0,Not Applicable,0,Not Applicable,0,Not Applicable (N/A),1,No,0,Not Applicable,0,Not Applicable,0,Not Applicable,0,Not Applicable,0,Not a Bus,0,No Special Use Noted,0,Not Applicable,60,060 MPH,7,Not Applicable,8,Not Applicable,8,Not Applicable,12,12 Clock Point,6,Disabling Damage,6,Towed,12,Motor Vehicle In-Transport,0,No or Not Reported,76706,Yamaha 750cc or greater,J,Y,A,V,P,0,2,E,4,Y,A,0,1,0,No,1,Yes,12,Florida,32720,32720,1,Full Driver License,6,Valid,0,No (CDL),0,No Endorsements required for this vehicle,3,Valid license for this class vehicle,0,No Restrictions or Not Applicable,69,69,999,Unknown,0,,0,,0,,0,,0,,0,,0,,0,No Record,0,No Record,0,No Record,0,No Record,0,No,1,"Two-Way, Not Divided",2,Two lanes,60,60 MPH,1,Straight,1,Level,8,Not Reported,1,Dry,0,No Controls,0,No Controls,1,Going Straight,52,Traveling in same direction while decelerating,99,Unknown/Not Reported,1,Tracking,1,Stayed in original travel lane,28,"D28-Same Trafficway, Same Direction-Rear End-Decelerating (Slowing)"
12,Florida,122221,1,1,10,October,26,26,20,8:00pm-8:59pm,45,45,8,Pedestrian,0,The First Harmful Event was Not a Collision with a Motor Vehicle in Transport,1,1,1,Motor Vehicle In-Transport (Inside or Outside the Trafficway),0,No,12,Florida,1,Driver (in this crash) was Registered Owner,JYARN37E5FA0,JYARN37E5FA0,2015,2015,564,Yamaha,12732,FJ09,81,Motorcycle - Touring / Sport Touring,76,Yamaha,706,80,Two Wheel Motorcycle (excluding motor scooters),0,Not Applicable,11,"Class 1: 6,000 lbs. or less (2,722 kg or less)",11,"Class 1: 6,000 lbs. or less (2,722 kg or less)",0,No Trailers,7.78E+11,No Trailing Units,7.78E+11,No Trailing Units,7.78E+11,No Trailing Units,77,No Trailing Units,77,No Trailing Units,77,No Trailing Units,0,Not an Articulated Vehicle,0,Not Applicable,0,Not Applicable,0,Not Applicable,0,Not Applicable,0,Not Applicable (N/A),1,No,0,Not Applicable,0,Not Applicable,0,Not Applicable,0,Not Applicable,0,Not a Bus,0,No Special Use Noted,0,Not Applicable,45,045 MPH,7,Not Applicable,8,Not Applicable,8,Not Applicable,12,12 Clock Point,6,Disabling Damage,6,Towed,8,Pedestrian,0,No or Not Reported,76706,Yamaha 750cc or greater,J,Y,A,R,N,3,7,E,5,F,A,0,0,0,No,1,Yes,12,Florida,33407,33407,0,Not Licensed,0,Not licensed,0,No (CDL),0,No Endorsements required for this vehicle,0,Not licensed,0,No Restrictions or Not Applicable,999,Unknown,999,Unknown,0,,0,,0,,0,,0,,0,,0,,0,No Record,0,No Record,0,No Record,0,No Record,0,No,2,"Two-Way, Divided, Unprotected Median",3,Three lanes,45,45 MPH,2,Curve Right,1,Level,8,Not Reported,1,Dry,0,No Controls,0,No Controls,14,Negotiating a Curve,80,Pedestrian in road,99,Unknown/Not Reported,1,Tracking,1,Stayed in original travel lane,13,C13-Single Driver-Forward Impact-Pedestrian/ Animal
12,Florida,122223,1,1,10,October,15,15,19,7:00pm-7:59pm,45,45,8,Pedestrian,0,The First Harmful Event was Not a Collision with a Motor Vehicle in Transport,1,1,1,Motor Vehicle In-Transport (Inside or Outside the Trafficway),0,No,12,Florida,1,Driver (in this crash) was Registered Owner,JYARJ28E5JA0,JYARJ28E5JA0,2018,2018,564,Yamaha,24532,YZF600,80,Motorcycle - Sport,76,Yamaha,705,80,Two Wheel Motorcycle (excluding motor scooters),0,Not Applicable,11,"Class 1: 6,000 lbs. or less (2,722 kg or less)",11,"Class 1: 6,000 lbs. or less (2,722 kg or less)",0,No Trailers,7.78E+11,No Trailing Units,7.78E+11,No Trailing Units,7.78E+11,No Trailing Units,77,No Trailing Units,77,No Trailing Units,77,No Trailing Units,0,Not an Articulated Vehicle,0,Not Applicable,0,Not Applicable,0,Not Applicable,0,Not Applicable,0,Not Applicable (N/A),1,No,0,Not Applicable,0,Not Applicable,0,Not Applicable,0,Not Applicable,0,Not a Bus,0,No Special Use Noted,0,Not Applicable,70,070 MPH,7,Not Applicable,8,Not Applicable,8,Not Applicable,12,12 Clock Point,4,Functional Damage,5,Not Towed,8,Pedestrian,0,No or Not Reported,76705,Yamaha 450-749cc,J,Y,A,R,J,2,8,E,5,J,A,0,0,0,No,1,Yes,12,Florida,34116,34116,1,Full Driver License,6,Valid,0,No (CDL),0,No Endorsements required for this vehicle,3,Valid license for this class vehicle,0,No Restrictions or Not Applicable,66,66,999,Unknown,0,,0,,0,,0,,0,,0,,0,,0,No Record,0,No Record,0,No Record,0,No Record,0,No,3,"Two-Way,  Divided, Positive  Median Barrier",4,Four lanes,45,45 MPH,1,Straight,1,Level,8,Not Reported,1,Dry,0,No Controls,0,No Controls,1,Going Straight,80,Pedestrian in road,99,Unknown/Not Reported,1,Tracking,1,Stayed in original travel lane,13,C13-Single Driver-Forward Impact-Pedestrian/ Animal
12,Florida,122230,2,2,10,October,15,15,15,3:00pm-3:59pm,20,20,12,Motor Vehicle In-Transport,6,Angle,1,1,1,Motor Vehicle In-Transport (Inside or Outside the Trafficway),0,No,12,Florida,1,Driver (in this crash) was Registered Owner,ZAPM270W2750,ZAPM270W2750,2007,2007,2678,Piaggio and Vespa,6569,X-9,12,Motorcycle - Scooter,98,Other Make,703,84,Motor Scooter,0,Not Applicable,11,"Class 1: 6,000 lbs. or less (2,722 kg or less)",11,"Class 1: 6,000 lbs. or less (2,722 kg or less)",0,No Trailers,7.78E+11,No Trailing Units,7.78E+11,No Trailing Units,7.78E+11,No Trailing Units,77,No Trailing Units,77,No Trailing Units,77,No Trailing Units,0,Not an Articulated Vehicle,0,Not Applicable,0,Not Applicable,0,Not Applicable,0,Not Applicable,0,Not Applicable (N/A),1,No,0,Not Applicable,0,Not Applicable,0,Not Applicable,0,Not Applicable,0,Not a Bus,0,No Special Use Noted,0,Not Applicable,25,025 MPH,7,Not Applicable,8,Not Applicable,8,Not Applicable,12,12 Clock Point,6,Disabling Damage,6,Towed,12,Motor Vehicle In-Transport,0,No or Not Reported,98703,Other Make 125-349cc,Z,A,P,M,2,7,0,W,2,7,5,0,1,0,No,1,Yes,12,Florida,33015,33015,1,Full Driver License,6,Valid,0,No (CDL),0,No Endorsements required for this vehicle,3,Valid license for this class vehicle,0,No Restrictions or Not Applicable,64,64,999,Unknown,0,,0,,0,,0,,0,,0,,0,,0,No Record,0,No Record,0,No Record,0,No Record,0,No,2,"Two-Way, Divided, Unprotected Median",2,Two lanes,45,45 MPH,1,Straight,1,Level,8,Not Reported,1,Dry,0,No Controls,0,No Controls,1,Going Straight,67,"From crossing street, turning into opposite direction",99,Unknown/Not Reported,1,Tracking,1,Stayed in original travel lane,83,"K83-Changing Trafficway, Vehicle Turning-Turn Into Path-Turn Into Opposite Directions (Going Straight)"
12,Florida,122234,2,2,10,October,19,19,8,8:00am-8:59am,37,37,12,Motor Vehicle In-Transport,2,Front-to-Front,2,2,1,Motor Vehicle In-Transport (Inside or Outside the Trafficway),0,No,12,Florida,2,Driver (in this crash) Not Registered Owner (Other Private Owner Listed),1HD1KTC16JB6,1HD1KTC16JB6,2018,2018,3888,Harley-Davidson,12631,FLTRXS / Road Glide Special,81,Motorcycle - Touring / Sport Touring,72,Harley-Davidson,706,80,Two Wheel Motorcycle (excluding motor scooters),0,Not Applicable,11,"Class 1: 6,000 lbs. or less (2,722 kg or less)",11,"Class 1: 6,000 lbs. or less (2,722 kg or less)",0,No Trailers,7.78E+11,No Trailing Units,7.78E+11,No Trailing Units,7.78E+11,No Trailing Units,77,No Trailing Units,77,No Trailing Units,77,No Trailing Units,0,Not an Articulated Vehicle,0,Not Applicable,0,Not Applicable,0,Not Applicable,0,Not Applicable,0,Not Applicable (N/A),1,No,0,Not Applicable,0,Not Applicable,0,Not Applicable,0,Not Applicable,0,Not a Bus,0,No Special Use Noted,0,Not Applicable,998,Not Reported,7,Not Applicable,8,Not Applicable,8,Not Applicable,12,12 Clock Point,6,Disabling Damage,6,Towed,12,Motor Vehicle In-Transport,0,No or Not Reported,72706,Harley-Davidson 750cc or greater,1,H,D,1,K,T,C,1,6,J,B,6,1,1,Yes,1,Yes,12,Florida,33903,33903,1,Full Driver License,6,Valid,0,No (CDL),0,No Endorsements required for this vehicle,3,Valid license for this class vehicle,0,No Restrictions or Not Applicable,71,71,999,Unknown,0,,0,,0,,1,1,0,,3,3,1,1,12,December,2019,2019,6,June,2022,2022,0,No,1,"Two-Way, Not Divided",2,Two lanes,40,40 MPH,3,Curve Left,6,Downhill,8,Not Reported,1,Dry,0,No Controls,0,No Controls,14,Negotiating a Curve,62,From opposite direction  over left lane line,99,Unknown/Not Reported,1,Tracking,1,Stayed in original travel lane,69,"J69-Changing Trafficway, Vehicle Turning-Turn Across Path-Initial Opposite Directions (Going Straight)"
12,Florida,122238,2,2,10,October,17,17,21,9:00pm-9:59pm,20,20,12,Motor Vehicle In-Transport,2,Front-to-Front,2,2,1,Motor Vehicle In-Transport (Inside or Outside the Trafficway),0,No,12,Florida,1,Driver (in this crash) was Registered Owner,MLHJC7553J50,MLHJC7553J50,2018,2018,474,Honda,11875,MSX125 (Grom),80,Motorcycle - Sport,37,Honda,703,80,Two Wheel Motorcycle (excluding motor scooters),0,Not Applicable,11,"Class 1: 6,000 lbs. or less (2,722 kg or less)",11,"Class 1: 6,000 lbs. or less (2,722 kg or less)",0,No Trailers,7.78E+11,No Trailing Units,7.78E+11,No Trailing Units,7.78E+11,No Trailing Units,77,No Trailing Units,77,No Trailing Units,77,No Trailing Units,0,Not an Articulated Vehicle,0,Not Applicable,0,Not Applicable,0,Not Applicable,0,Not Applicable,0,Not Applicable (N/A),1,No,0,Not Applicable,0,Not Applicable,0,Not Applicable,0,Not Applicable,0,Not a Bus,0,No Special Use Noted,0,Not Applicable,45,045 MPH,7,Not Applicable,8,Not Applicable,8,Not Applicable,12,12 Clock Point,6,Disabling Damage,6,Towed,12,Motor Vehicle In-Transport,0,No or Not Reported,37703,Honda 125-349 cc,M,L,H,J,C,7,5,5,3,J,5,0,1,0,No,1,Yes,12,Florida,34286,34286,1,Full Driver License,6,Valid,0,No (CDL),0,No Endorsements required for this vehicle,3,Valid license for this class vehicle,0,No Restrictions or Not Applicable,64,64,999,Unknown,0,,0,,0,,0,,0,,0,,0,,0,No Record,0,No Record,0,No Record,0,No Record,0,No,1,"Two-Way, Not Divided",2,Two lanes,45,45 MPH,1,Straight,1,Level,8,Not Reported,1,Dry,0,No Controls,0,No Controls,1,Going Straight,62,From opposite direction  over left lane line,99,Unknown/Not Reported,1,Tracking,1,Stayed in original travel lane,69,"J69-Changing Trafficway, Vehicle Turning-Turn Across Path-Initial Opposite Directions (Going Straight)"