STATE,STATENAME,ST_CASE,VEH_NO,VE_FORMS,MONTH,MONTHNAME,DAY,DAYNAME,HOUR,HOURNAME,MINUTE,MINUTENAME,HARM_EV,HARM_EVNAME,MAN_COLL,MAN_COLLNAME,NUMOCCS,NUMOCCSNAME,UNITTYPE,UNITTYPENAME,HIT_RUN,HIT_RUNNAME,REG_STAT,REG_STATNAME,OWNER,OWNERNAME,VIN,VINNAME,MOD_YEAR,MOD_YEARNAME,VPICMAKE,VPICMAKENAME,VPICMODEL,VPICMODELNAME,VPICBODYCLASS,VPICBODYCLASSNAME,MAKE,MAKENAME,MODEL,BODY_TYP,BODY_TYPNAME,ICFINALBODY,ICFINALBODYNAME,GVWR_FROM,GVWR_FROMNAME,GVWR_TO,GVWR_TONAME,TOW_VEH,TOW_VEHNAME,TRLR1VIN,TRLR1VINNAME,TRLR2VIN,TRLR2VINNAME,TRLR3VIN,TRLR3VINNAME,TRLR1GVWR,TRLR1GVWRNAME,TRLR2GVWR,TRLR2GVWRNAME,TRLR3GVWR,TRLR3GVWRNAME,J_KNIFE,J_KNIFENAME,MCARR_ID,MCARR_IDNAME,MCARR_I1,MCARR_I1NAME,MCARR_I2,MCARR_I2NAME,V_CONFIG,V_CONFIGNAME,CARGO_BT,CARGO_BTNAME,HAZ_INV,HAZ_INVNAME,HAZ_PLAC,HAZ_PLACNAME,HAZ_ID,HAZ_IDNAME,HAZ_CNO,HAZ_CNONAME,HAZ_REL,HAZ_RELNAME,BUS_USE,BUS_USENAME,SPEC_USE,SPEC_USENAME,EMER_USE,EMER_USENAME,TRAV_SP,TRAV_SPNAME,UNDEROVERRIDE,UNDEROVERRIDENAME,ROLLOVER,ROLLOVERNAME,ROLINLOC,ROLINLOCNAME,IMPACT1,IMPACT1NAME,DEFORMED,DEFORMEDNAME,TOWED,TOWEDNAME,M_HARM,M_HARMNAME,FIRE_EXP,FIRE_EXPNAME,MAK_MOD,MAK_MODNAME,VIN_1,VIN_2,VIN_3,VIN_4,VIN_5,VIN_6,VIN_7,VIN_8,VIN_9,VIN_10,VIN_11,VIN_12,DEATHS,DR_DRINK,DR_DRINKNAME,DR_PRES,DR_PRESNAME,L_STATE,L_STATENAME,DR_ZIP,DR_ZIPNAME,L_TYPE,L_TYPENAME,L_STATUS,L_STATUSNAME,CDL_STAT,CDL_STATNAME,L_ENDORS,L_ENDORSNAME,L_COMPL,L_COMPLNAME,L_RESTRI,L_RESTRINAME,DR_HGT,DR_HGTNAME,DR_WGT,DR_WGTNAME,PREV_ACC,PREV_ACCNAME,PREV_SUS1,PREV_SUS1NAME,PREV_SUS2,PREV_SUS2NAME,PREV_SUS3,PREV_SUS3NAME,PREV_DWI,PREV_DWINAME,PREV_SPD,PREV_SPDNAME,PREV_OTH,PREV_OTHNAME,FIRST_MO,FIRST_MONAME,FIRST_YR,FIRST_YRNAME,LAST_MO,LAST_MONAME,LAST_YR,LAST_YRNAME,SPEEDREL,SPEEDRELNAME,VTRAFWAY,VTRAFWAYNAME,VNUM_LAN,VNUM_LANNAME,VSPD_LIM,VSPD_LIMNAME,VALIGN,VALIGNNAME,VPROFILE,VPROFILENAME,VPAVETYP,VPAVETYPNAME,VSURCOND,VSURCONDNAME,VTRAFCON,VTRAFCONNAME,VTCONT_F,VTCONT_FNAME,P_CRASH1,P_CRASH1NAME,P_CRASH2,P_CRASH2NAME,P_CRASH3,P_CRASH3NAME,PCRASH4,PCRASH4NAME,PCRASH5,PCRASH5NAME,ACC_TYPE,ACC_TYPENAME
17,Illinois,170216,2,2,3,March,29,29,18,6:00pm-6:59pm,27,27,12,Motor Vehicle In-Transport,6,Angle,1,1,1,Motor Vehicle In-Transport (Inside or Outside the Trafficway),0,No,17,Illinois,1,Driver (in this crash) was Registered Owner,JYARJ12E57A0,JYARJ12E57A0,2007,2007,564,Yamaha,3211,YZF-R6,80,Motorcycle - Sport,76,Yamaha,705,80,Two Wheel Motorcycle (excluding motor scooters),0,Not Applicable,11,"Class 1: 6,000 lbs. or less (2,722 kg or less)",11,"Class 1: 6,000 lbs. or less (2,722 kg or less)",0,No Trailers,7.78E+11,No Trailing Units,7.78E+11,No Trailing Units,7.78E+11,No Trailing Units,77,No Trailing Units,77,No Trailing Units,77,No Trailing Units,0,Not an Articulated Vehicle,0,Not Applicable,0,Not Applicable,0,Not Applicable,0,Not Applicable,0,Not Applicable (N/A),1,No,0,Not Applicable,0,Not Applicable,0,Not Applicable,0,Not Applicable,0,Not a Bus,0,No Special Use Noted,0,Not Applicable,998,Not Reported,7,Not Applicable,8,Not Applicable,8,Not Applicable,12,12 Clock Point,6,Disabling Damage,6,Towed,12,Motor Vehicle In-Transport,0,No or Not Reported,76705,Yamaha 450-749cc,J,Y,A,R,J,1,2,E,5,7,A,0,1,1,Yes,1,Yes,17,Illinois,60188,60188,1,Full Driver License,6,Valid,0,No (CDL),0,No Endorsements required for this vehicle,2,No valid license for this class vehicle,0,No Restrictions or Not Applicable,69,69,180,180 lbs.,0,,0,,0,,0,,0,,0,,0,,0,No Record,0,No Record,0,No Record,0,No Record,9,Reported as Unknown,7,"Two-Way Divided, Unknown if Unprotected Median or Positive Median Barrier",8,Not Reported,45,45 MPH,1,Straight,1,Level,2,"Blacktop, Bituminous, or Asphalt",1,Dry,0,No Controls,0,No Controls,1,Going Straight,62,From opposite direction  over left lane line,99,Unknown/Not Reported,1,Tracking,1,Stayed in original travel lane,69,"J69-Changing Trafficway, Vehicle Turning-Turn Across Path-Initial Opposite Directions (Going Straight)"
17,Illinois,170221,2,2,2,February,9,9,19,7:00pm-7:59pm,0,0,18,Other Object (not fixed),0,The First Harmful Event was Not a Collision with a Motor Vehicle in Transport,1,1,1,Motor Vehicle In-Transport (Inside or Outside the Trafficway),0,No,17,Illinois,1,Driver (in this crash) was Registered Owner,JKAEXKH15JDA,JKAEXKH15JDA,2018,2018,510,Kawasaki,20805,Ninja 400,80,Motorcycle - Sport,73,Kawasaki,704,80,Two Wheel Motorcycle (excluding motor scooters),0,Not Applicable,11,"Class 1: 6,000 lbs. or less (2,722 kg or less)",11,"Class 1: 6,000 lbs. or less (2,722 kg or less)",0,No Trailers,7.78E+11,No Trailing Units,7.78E+11,No Trailing Units,7.78E+11,No Trailing Units,77,No Trailing Units,77,No Trailing Units,77,No Trailing Units,0,Not an Articulated Vehicle,0,Not Applicable,0,Not Applicable,0,Not Applicable,0,Not Applicable,0,Not Applicable (N/A),1,No,0,Not Applicable,0,Not Applicable,0,Not Applicable,0,Not Applicable,0,Not a Bus,0,No Special Use Noted,0,Not Applicable,998,Not Reported,7,Not Applicable,8,Not Applicable,8,Not Applicable,6,6 Clock Point,6,Disabling Damage,6,Towed,54,"Motor Vehicle In-Transport Strikes or is Struck by Cargo, Persons or Objects Set-in-Motion from/by Another Motor Vehicle In Transport",0,No or Not Reported,73704,Kawasaki 350-449cc,J,K,A,E,X,K,H,1,5,J,D,A,1,0,No,1,Yes,17,Illinois,62206,62206,1,Full Driver License,6,Valid,0,No (CDL),0,No Endorsements required for this vehicle,3,Valid license for this class vehicle,0,No Restrictions or Not Applicable,67,67,160,160 lbs.,0,,0,,0,,0,,0,,0,,1,1,1,January,2023,2023,1,January,2023,2023,0,No,7,"Two-Way Divided, Unknown if Unprotected Median or Positive Median Barrier",4,Four lanes,40,40 MPH,1,Straight,1,Level,2,"Blacktop, Bituminous, or Asphalt",1,Dry,0,No Controls,0,No Controls,1,Going Straight,90,Object in road,16,Braking,1,Tracking,1,Stayed in original travel lane,98,M98-Other Crash Type
17,Illinois,170230,1,2,3,March,30,30,13,1:00pm-1:59pm,9,9,12,Motor Vehicle In-Transport,6,Angle,1,1,1,Motor Vehicle In-Transport (Inside or Outside the Trafficway),0,No,17,Illinois,1,Driver (in this crash) was Registered Owner,JKBZXNF19DA0,JKBZXNF19DA0,2013,2013,510,Kawasaki,3387,Ninja ZX-14R,80,Motorcycle - Sport,73,Kawasaki,706,80,Two Wheel Motorcycle (excluding motor scooters),0,Not Applicable,11,"Class 1: 6,000 lbs. or less (2,722 kg or less)",11,"Class 1: 6,000 lbs. or less (2,722 kg or less)",0,No Trailers,7.78E+11,No Trailing Units,7.78E+11,No Trailing Units,7.78E+11,No Trailing Units,77,No Trailing Units,77,No Trailing Units,77,No Trailing Units,0,Not an Articulated Vehicle,0,Not Applicable,0,Not Applicable,0,Not Applicable,0,Not Applicable,0,Not Applicable (N/A),1,No,0,Not Applicable,0,Not Applicable,0,Not Applicable,0,Not Applicable,0,Not a Bus,0,No Special Use Noted,0,Not Applicable,998,Not Reported,7,Not Applicable,8,Not Applicable,8,Not Applicable,12,12 Clock Point,6,Disabling Damage,6,Towed,12,Motor Vehicle In-Transport,0,No or Not Reported,73706,Kawasaki 750cc or greater,J,K,B,Z,X,N,F,1,9,D,A,0,1,0,No,1,Yes,17,Illinois,62234,62234,0,Not Licensed,0,Not licensed,0,No (CDL),0,No Endorsements required for this vehicle,0,Not licensed,0,No Restrictions or Not Applicable,999,Unknown,999,Unknown,0,,0,,0,,0,,0,,0,,1,1,4,April,2023,2023,4,April,2023,2023,3,"Yes, Exceeded Speed Limit",7,"Two-Way Divided, Unknown if Unprotected Median or Positive Median Barrier",4,Four lanes,40,40 MPH,1,Straight,1,Level,2,"Blacktop, Bituminous, or Asphalt",1,Dry,3,Traffic control signal(on colors) not known whether or not Pedestrian Signal,3,Device Functioning Properly,1,Going Straight,62,From opposite direction  over left lane line,1,No Avoidance Maneuver,1,Tracking,1,Stayed in original travel lane,69,"J69-Changing Trafficway, Vehicle Turning-Turn Across Path-Initial Opposite Directions (Going Straight)"
17,Illinois,170243,2,2,4,April,8,8,15,3:00pm-3:59pm,26,26,12,Motor Vehicle In-Transport,6,Angle,1,1,1,Motor Vehicle In-Transport (Inside or Outside the Trafficway),0,No,17,Illinois,1,Driver (in this crash) was Registered Owner,JH2RC44363M7,JH2RC44363M7,2003,2003,474,Honda,12137,VT750 (Shadow Ace 750),98,Motorcycle - Street,37,Honda,705,80,Two Wheel Motorcycle (excluding motor scooters),0,Not Applicable,11,"Class 1: 6,000 lbs. or less (2,722 kg or less)",11,"Class 1: 6,000 lbs. or less (2,722 kg or less)",0,No Trailers,7.78E+11,No Trailing Units,7.78E+11,No Trailing Units,7.78E+11,No Trailing Units,77,No Trailing Units,77,No Trailing Units,77,No Trailing Units,0,Not an Articulated Vehicle,0,Not Applicable,0,Not Applicable,0,Not Applicable,0,Not Applicable,0,Not Applicable (N/A),1,No,0,Not Applicable,0,Not Applicable,0,Not Applicable,0,Not Applicable,0,Not a Bus,0,No Special Use Noted,0,Not Applicable,998,Not Reported,7,Not Applicable,8,Not Applicable,8,Not Applicable,12,12 Clock Point,6,Disabling Damage,6,Towed,12,Motor Vehicle In-Transport,0,No or Not Reported,37705,Honda 450-749 cc,J,H,2,R,C,4,4,3,6,3,M,7,1,0,No,1,Yes,17,Illinois,61776,61776,1,Full Driver License,6,Valid,0,No (CDL),0,No Endorsements required for this vehicle,3,Valid license for this class vehicle,3,"Restrictions, Compliance Unknown",69,69,210,210 lbs.,0,,0,,0,,0,,0,,0,,0,,0,No Record,0,No Record,0,No Record,0,No Record,0,No,1,"Two-Way, Not Divided",2,Two lanes,55,55 MPH,1,Straight,1,Level,2,"Blacktop, Bituminous, or Asphalt",1,Dry,0,No Controls,0,No Controls,1,Going Straight,66,"From crossing street, across path",1,No Avoidance Maneuver,1,Tracking,1,Stayed in original travel lane,86,L86-Intersecting Paths-Straight Paths-Striking from the Right
17,Illinois,170251,1,1,3,March,16,16,14,2:00pm-2:59pm,27,27,34,Ditch,0,The First Harmful Event was Not a Collision with a Motor Vehicle in Transport,1,1,1,Motor Vehicle In-Transport (Inside or Outside the Trafficway),0,No,17,Illinois,1,Driver (in this crash) was Registered Owner,1HD1FYW154Y7,1HD1FYW154Y7,2004,2004,3888,Harley-Davidson,11196,Road King Custom,81,Motorcycle - Touring / Sport Touring,72,Harley-Davidson,706,80,Two Wheel Motorcycle (excluding motor scooters),0,Not Applicable,11,"Class 1: 6,000 lbs. or less (2,722 kg or less)",11,"Class 1: 6,000 lbs. or less (2,722 kg or less)",0,No Trailers,7.78E+11,No Trailing Units,7.78E+11,No Trailing Units,7.78E+11,No Trailing Units,77,No Trailing Units,77,No Trailing Units,77,No Trailing Units,0,Not an Articulated Vehicle,0,Not Applicable,0,Not Applicable,0,Not Applicable,0,Not Applicable,0,Not Applicable (N/A),1,No,0,Not Applicable,0,Not Applicable,0,Not Applicable,0,Not Applicable,0,Not a Bus,0,No Special Use Noted,0,Not Applicable,998,Not Reported,7,Not Applicable,8,Not Applicable,8,Not Applicable,12,12 Clock Point,6,Disabling Damage,6,Towed,34,Ditch,0,No or Not Reported,72706,Harley-Davidson 750cc or greater,1,H,D,1,F,Y,W,1,5,4,Y,7,1,1,Yes,1,Yes,17,Illinois,61520,61520,1,Full Driver License,6,Valid,6,Valid,0,No Endorsements required for this vehicle,3,Valid license for this class vehicle,3,"Restrictions, Compliance Unknown",72,72,160,160 lbs.,0,,0,,0,,0,,0,,0,,0,,0,No Record,0,No Record,0,No Record,0,No Record,0,No,1,"Two-Way, Not Divided",2,Two lanes,55,55 MPH,3,Curve Left,3,Hillcrest,2,"Blacktop, Bituminous, or Asphalt",1,Dry,0,No Controls,0,No Controls,14,Negotiating a Curve,8,Other cause of control loss (specify:),99,Unknown/Not Reported,2,Skidding longitudinally  rotation less than 30 degrees,4,Departed roadway,2,A2-Single Driver-Right Roadside Departure-Control/Traction Loss
17,Illinois,170256,2,2,4,April,14,14,19,7:00pm-7:59pm,13,13,12,Motor Vehicle In-Transport,6,Angle,1,1,1,Motor Vehicle In-Transport (Inside or Outside the Trafficway),0,No,17,Illinois,1,Driver (in this crash) was Registered Owner,1HD4CAM1XVY2,1HD4CAM1XVY2,1997,1997,3888,Harley-Davidson,11586,XL 883 / Sportster 883,94,Motorcycle - Custom,72,Harley-Davidson,706,80,Two Wheel Motorcycle (excluding motor scooters),0,Not Applicable,11,"Class 1: 6,000 lbs. or less (2,722 kg or less)",11,"Class 1: 6,000 lbs. or less (2,722 kg or less)",0,No Trailers,7.78E+11,No Trailing Units,7.78E+11,No Trailing Units,7.78E+11,No Trailing Units,77,No Trailing Units,77,No Trailing Units,77,No Trailing Units,0,Not an Articulated Vehicle,0,Not Applicable,0,Not Applicable,0,Not Applicable,0,Not Applicable,0,Not Applicable (N/A),1,No,0,Not Applicable,0,Not Applicable,0,Not Applicable,0,Not Applicable,0,Not a Bus,0,No Special Use Noted,0,Not Applicable,998,Not Reported,7,Not Applicable,8,Not Applicable,8,Not Applicable,11,11 Clock Point,8,Not Reported,5,Not Towed,12,Motor Vehicle In-Transport,0,No or Not Reported,72706,Harley-Davidson 750cc or greater,1,H,D,4,C,A,M,1,X,V,Y,2,1,0,No,1,Yes,98,Not Reported,60609,60609,0,Not Licensed,0,Not licensed,0,No (CDL),0,No Endorsements required for this vehicle,0,Not licensed,0,No Restrictions or Not Applicable,999,Unknown,999,Unknown,99,Unknown,99,Unknown,99,Unknown,99,Unknown,99,Unknown,99,Unknown,99,Unknown,99,Unknown,9999,Unknown,99,Unknown,9999,Unknown,4,"Yes, Too Fast for Conditions",1,"Two-Way, Not Divided",5,Five lanes,98,Not Reported,1,Straight,1,Level,2,"Blacktop, Bituminous, or Asphalt",1,Dry,3,Traffic control signal(on colors) not known whether or not Pedestrian Signal,3,Device Functioning Properly,1,Going Straight,62,From opposite direction  over left lane line,1,No Avoidance Maneuver,1,Tracking,1,Stayed in original travel lane,69,"J69-Changing Trafficway, Vehicle Turning-Turn Across Path-Initial Opposite Directions (Going Straight)"
17,Illinois,170257,1,2,4,April,10,10,11,11:00am-11:59am,2,2,12,Motor Vehicle In-Transport,6,Angle,1,1,1,Motor Vehicle In-Transport (Inside or Outside the Trafficway),0,No,17,Illinois,2,Driver (in this crash) Not Registered Owner (Other Private Owner Listed),4MZKP13C8Y35,4MZKP13C8Y35,2000,2000,590,Buell,3450,BLAST P3,6,Motorcycle - Standard,98,Other Make,705,80,Two Wheel Motorcycle (excluding motor scooters),0,Not Applicable,11,"Class 1: 6,000 lbs. or less (2,722 kg or less)",11,"Class 1: 6,000 lbs. or less (2,722 kg or less)",0,No Trailers,7.78E+11,No Trailing Units,7.78E+11,No Trailing Units,7.78E+11,No Trailing Units,77,No Trailing Units,77,No Trailing Units,77,No Trailing Units,0,Not an Articulated Vehicle,0,Not Applicable,0,Not Applicable,0,Not Applicable,0,Not Applicable,0,Not Applicable (N/A),1,No,0,Not Applicable,0,Not Applicable,0,Not Applicable,0,Not Applicable,0,Not a Bus,0,No Special Use Noted,0,Not Applicable,998,Not Reported,7,Not Applicable,8,Not Applicable,8,Not Applicable,12,12 Clock Point,6,Disabling Damage,6,Towed,12,Motor Vehicle In-Transport,0,No or Not Reported,98705,Other Make 450-749cc,4,M,Z,K,P,1,3,C,8,Y,3,5,1,0,No,1,Yes,17,Illinois,60649,60649,0,Not Licensed,0,Not licensed,0,No (CDL),0,No Endorsements required for this vehicle,0,Not licensed,0,No Restrictions or Not Applicable,999,Unknown,999,Unknown,0,,0,,0,,0,,0,,0,,0,,0,No Record,0,No Record,0,No Record,0,No Record,9,Reported as Unknown,1,"Two-Way, Not Divided",2,Two lanes,45,45 MPH,4,Curve - Unknown Direction,1,Level,2,"Blacktop, Bituminous, or Asphalt",1,Dry,3,Traffic control signal(on colors) not known whether or not Pedestrian Signal,3,Device Functioning Properly,10,Turning Right,16,Turning Right,1,No Avoidance Maneuver,1,Tracking,1,Stayed in original travel lane,78,"K78-Changing Trafficway, Vehicle Turning-Turn Into Path-Turn Into Same Direction (Turning Right)"
17,Illinois,170263,1,1,4,April,8,8,17,5:00pm-5:59pm,40,40,1,Rollover/Overturn,0,The First Harmful Event was Not a Collision with a Motor Vehicle in Transport,1,1,1,Motor Vehicle In-Transport (Inside or Outside the Trafficway),0,No,17,Illinois,1,Driver (in this crash) was Registered Owner,1HD1KBC19HB6,1HD1KBC19HB6,2017,2017,3888,Harley-Davidson,12628,FLHX / Street Glide,98,Motorcycle - Street,72,Harley-Davidson,706,80,Two Wheel Motorcycle (excluding motor scooters),0,Not Applicable,11,"Class 1: 6,000 lbs. or less (2,722 kg or less)",11,"Class 1: 6,000 lbs. or less (2,722 kg or less)",0,No Trailers,7.78E+11,No Trailing Units,7.78E+11,No Trailing Units,7.78E+11,No Trailing Units,77,No Trailing Units,77,No Trailing Units,77,No Trailing Units,0,Not an Articulated Vehicle,0,Not Applicable,0,Not Applicable,0,Not Applicable,0,Not Applicable,0,Not Applicable (N/A),1,No,0,Not Applicable,0,Not Applicable,0,Not Applicable,0,Not Applicable,0,Not a Bus,0,No Special Use Noted,0,Not Applicable,998,Not Reported,7,Not Applicable,8,Not Applicable,8,Not Applicable,0,Non-Collision,6,Disabling Damage,6,Towed,24,Guardrail Face,0,No or Not Reported,72706,Harley-Davidson 750cc or greater,1,H,D,1,K,B,C,1,9,H,B,6,1,0,No,1,Yes,17,Illinois,61761,61761,1,Full Driver License,6,Valid,0,No (CDL),0,No Endorsements required for this vehicle,3,Valid license for this class vehicle,0,No Restrictions or Not Applicable,75,75,240,240 lbs.,0,,0,,0,,0,,0,,1,1,0,,7,July,2022,2022,7,July,2022,2022,9,Reported as Unknown,7,"Two-Way Divided, Unknown if Unprotected Median or Positive Median Barrier",2,Two lanes,30,30 MPH,3,Curve Left,1,Level,2,"Blacktop, Bituminous, or Asphalt",1,Dry,0,No Controls,0,No Controls,14,Negotiating a Curve,6,Traveling Too Fast for Conditions or Road Configuration,1,No Avoidance Maneuver,2,Skidding longitudinally  rotation less than 30 degrees,1,Stayed in original travel lane,98,M98-Other Crash Type
17,Illinois,170266,2,2,4,April,14,14,13,1:00pm-1:59pm,8,8,12,Motor Vehicle In-Transport,6,Angle,2,2,1,Motor Vehicle In-Transport (Inside or Outside the Trafficway),0,No,17,Illinois,1,Driver (in this crash) was Registered Owner,1HD1FCM14CB6,1HD1FCM14CB6,2012,2012,3888,Harley-Davidson,11328,Electra Glide Ultra Classic 103,81,Motorcycle - Touring / Sport Touring,72,Harley-Davidson,706,80,Two Wheel Motorcycle (excluding motor scooters),0,Not Applicable,11,"Class 1: 6,000 lbs. or less (2,722 kg or less)",11,"Class 1: 6,000 lbs. or less (2,722 kg or less)",0,No Trailers,7.78E+11,No Trailing Units,7.78E+11,No Trailing Units,7.78E+11,No Trailing Units,77,No Trailing Units,77,No Trailing Units,77,No Trailing Units,0,Not an Articulated Vehicle,0,Not Applicable,0,Not Applicable,0,Not Applicable,0,Not Applicable,0,Not Applicable (N/A),1,No,0,Not Applicable,0,Not Applicable,0,Not Applicable,0,Not Applicable,0,Not a Bus,0,No Special Use Noted,0,Not Applicable,998,Not Reported,7,Not Applicable,8,Not Applicable,8,Not Applicable,9,9 Clock Point,8,Not Reported,6,Towed,12,Motor Vehicle In-Transport,0,No or Not Reported,72706,Harley-Davidson 750cc or greater,1,H,D,1,F,C,M,1,4,C,B,6,1,0,No,1,Yes,17,Illinois,60922,60922,1,Full Driver License,6,Valid,6,Valid,0,No Endorsements required for this vehicle,3,Valid license for this class vehicle,0,No Restrictions or Not Applicable,71,71,205,205 lbs.,0,,0,,0,,0,,0,,0,,0,,0,No Record,0,No Record,0,No Record,0,No Record,0,No,1,"Two-Way, Not Divided",2,Two lanes,35,35 MPH,1,Straight,1,Level,2,"Blacktop, Bituminous, or Asphalt",1,Dry,0,No Controls,0,No Controls,12,Making a U-turn,53,Traveling in same direction with higher speed,1,No Avoidance Maneuver,1,Tracking,1,Stayed in original travel lane,98,M98-Other Crash Type
17,Illinois,170268,1,1,4,April,13,13,21,9:00pm-9:59pm,0,0,1,Rollover/Overturn,0,The First Harmful Event was Not a Collision with a Motor Vehicle in Transport,1,1,1,Motor Vehicle In-Transport (Inside or Outside the Trafficway),0,No,17,Illinois,1,Driver (in this crash) was Registered Owner,1HD1BWB115Y0,1HD1BWB115Y0,2005,2005,3888,Harley-Davidson,8501,Heritage Softail Classic,81,Motorcycle - Touring / Sport Touring,72,Harley-Davidson,706,80,Two Wheel Motorcycle (excluding motor scooters),0,Not Applicable,11,"Class 1: 6,000 lbs. or less (2,722 kg or less)",11,"Class 1: 6,000 lbs. or less (2,722 kg or less)",0,No Trailers,7.78E+11,No Trailing Units,7.78E+11,No Trailing Units,7.78E+11,No Trailing Units,77,No Trailing Units,77,No Trailing Units,77,No Trailing Units,0,Not an Articulated Vehicle,0,Not Applicable,0,Not Applicable,0,Not Applicable,0,Not Applicable,0,Not Applicable (N/A),1,No,0,Not Applicable,0,Not Applicable,0,Not Applicable,0,Not Applicable,0,Not a Bus,0,No Special Use Noted,0,Not Applicable,998,Not Reported,7,Not Applicable,8,Not Applicable,8,Not Applicable,0,Non-Collision,6,Disabling Damage,6,Towed,59,Traffic Sign Support,0,No or Not Reported,72706,Harley-Davidson 750cc or greater,1,H,D,1,B,W,B,1,1,5,Y,0,1,1,Yes,1,Yes,17,Illinois,61760,61760,1,Full Driver License,6,Valid,0,No (CDL),0,No Endorsements required for this vehicle,2,No valid license for this class vehicle,0,No Restrictions or Not Applicable,65,65,140,140 lbs.,0,,0,,0,,0,,0,,0,,0,,0,No Record,0,No Record,0,No Record,0,No Record,9,Reported as Unknown,1,"Two-Way, Not Divided",2,Two lanes,55,55 MPH,1,Straight,2,"Grade, Unknown Slope",2,"Blacktop, Bituminous, or Asphalt",1,Dry,20,Stop Sign,3,Device Functioning Properly,1,Going Straight,14,End departure,99,Unknown/Not Reported,1,Tracking,4,Departed roadway,98,M98-Other Crash Type
17,Illinois,170275,1,2,4,April,17,17,13,1:00pm-1:59pm,30,30,12,Motor Vehicle In-Transport,2,Front-to-Front,1,1,1,Motor Vehicle In-Transport (Inside or Outside the Trafficway),0,No,17,Illinois,1,Driver (in this crash) was Registered Owner,1HD1BW514BB0,1HD1BW514BB0,2011,2011,3888,Harley-Davidson,8501,Heritage Softail Classic,81,Motorcycle - Touring / Sport Touring,72,Harley-Davidson,706,80,Two Wheel Motorcycle (excluding motor scooters),0,Not Applicable,11,"Class 1: 6,000 lbs. or less (2,722 kg or less)",11,"Class 1: 6,000 lbs. or less (2,722 kg or less)",0,No Trailers,7.78E+11,No Trailing Units,7.78E+11,No Trailing Units,7.78E+11,No Trailing Units,77,No Trailing Units,77,No Trailing Units,77,No Trailing Units,0,Not an Articulated Vehicle,0,Not Applicable,0,Not Applicable,0,Not Applicable,0,Not Applicable,0,Not Applicable (N/A),1,No,0,Not Applicable,0,Not Applicable,0,Not Applicable,0,Not Applicable,0,Not a Bus,0,No Special Use Noted,0,Not Applicable,998,Not Reported,7,Not Applicable,8,Not Applicable,8,Not Applicable,12,12 Clock Point,6,Disabling Damage,6,Towed,12,Motor Vehicle In-Transport,0,No or Not Reported,72706,Harley-Davidson 750cc or greater,1,H,D,1,B,W,5,1,4,B,B,0,1,0,No,1,Yes,17,Illinois,62286,62286,1,Full Driver License,6,Valid,0,No (CDL),0,No Endorsements required for this vehicle,3,Valid license for this class vehicle,3,"Restrictions, Compliance Unknown",65,65,175,175 lbs.,0,,0,,0,,0,,0,,0,,0,,0,No Record,0,No Record,0,No Record,0,No Record,0,No,1,"Two-Way, Not Divided",2,Two lanes,55,55 MPH,4,Curve - Unknown Direction,1,Level,2,"Blacktop, Bituminous, or Asphalt",1,Dry,98,Other,3,Device Functioning Properly,14,Negotiating a Curve,9,Unknown cause of control loss,1,No Avoidance Maneuver,2,Skidding longitudinally  rotation less than 30 degrees,2,"Stayed on roadway, but left original travel lane",50,"G50-Same Trafficway, Opposite Direction-Head-On-Lateral Move (Left/Right)"
17,Illinois,170286,1,2,4,April,17,17,18,6:00pm-6:59pm,33,33,12,Motor Vehicle In-Transport,6,Angle,1,1,1,Motor Vehicle In-Transport (Inside or Outside the Trafficway),0,No,17,Illinois,2,Driver (in this crash) Not Registered Owner (Other Private Owner Listed),JYACB01C3YA0,JYACB01C3YA0,2000,2000,564,Yamaha,12047,YZ80,113,"Off-road Vehicle - Motocross (Off-road short distance, closed track racing)",76,Yamaha,702,83,Off-road Motorcycle,0,Not Applicable,11,"Class 1: 6,000 lbs. or less (2,722 kg or less)",11,"Class 1: 6,000 lbs. or less (2,722 kg or less)",0,No Trailers,7.78E+11,No Trailing Units,7.78E+11,No Trailing Units,7.78E+11,No Trailing Units,77,No Trailing Units,77,No Trailing Units,77,No Trailing Units,0,Not an Articulated Vehicle,0,Not Applicable,0,Not Applicable,0,Not Applicable,0,Not Applicable,0,Not Applicable (N/A),1,No,0,Not Applicable,0,Not Applicable,0,Not Applicable,0,Not Applicable,0,Not a Bus,0,No Special Use Noted,0,Not Applicable,998,Not Reported,7,Not Applicable,8,Not Applicable,8,Not Applicable,12,12 Clock Point,6,Disabling Damage,6,Towed,12,Motor Vehicle In-Transport,0,No or Not Reported,76702,Yamaha 51-124cc,J,Y,A,C,B,0,1,C,3,Y,A,0,1,0,No,1,Yes,17,Illinois,62002,62002,1,Full Driver License,1,Suspended,0,No (CDL),0,No Endorsements required for this vehicle,1,No license required for this class vehicle,0,No Restrictions or Not Applicable,70,70,165,165 lbs.,0,,0,,0,,2,2,0,,0,,1,1,3,March,2021,2021,9,September,2021,2021,4,"Yes, Too Fast for Conditions",1,"Two-Way, Not Divided",2,Two lanes,25,25 MPH,1,Straight,1,Level,2,"Blacktop, Bituminous, or Asphalt",1,Dry,0,No Controls,0,No Controls,1,Going Straight,6,Traveling Too Fast for Conditions or Road Configuration,15,Braking and Unknown Steering Direction,1,Tracking,2,"Stayed on roadway, but left original travel lane",83,"K83-Changing Trafficway, Vehicle Turning-Turn Into Path-Turn Into Opposite Directions (Going Straight)"