STATE,STATENAME,ST_CASE,VEH_NO,VE_FORMS,MONTH,MONTHNAME,DAY,DAYNAME,HOUR,HOURNAME,MINUTE,MINUTENAME,HARM_EV,HARM_EVNAME,MAN_COLL,MAN_COLLNAME,NUMOCCS,NUMOCCSNAME,UNITTYPE,UNITTYPENAME,HIT_RUN,HIT_RUNNAME,REG_STAT,REG_STATNAME,OWNER,OWNERNAME,VIN,VINNAME,MOD_YEAR,MOD_YEARNAME,VPICMAKE,VPICMAKENAME,VPICMODEL,VPICMODELNAME,VPICBODYCLASS,VPICBODYCLASSNAME,MAKE,MAKENAME,MODEL,BODY_TYP,BODY_TYPNAME,ICFINALBODY,ICFINALBODYNAME,GVWR_FROM,GVWR_FROMNAME,GVWR_TO,GVWR_TONAME,TOW_VEH,TOW_VEHNAME,TRLR1VIN,TRLR1VINNAME,TRLR2VIN,TRLR2VINNAME,TRLR3VIN,TRLR3VINNAME,TRLR1GVWR,TRLR1GVWRNAME,TRLR2GVWR,TRLR2GVWRNAME,TRLR3GVWR,TRLR3GVWRNAME,J_KNIFE,J_KNIFENAME,MCARR_ID,MCARR_IDNAME,MCARR_I1,MCARR_I1NAME,MCARR_I2,MCARR_I2NAME,V_CONFIG,V_CONFIGNAME,CARGO_BT,CARGO_BTNAME,HAZ_INV,HAZ_INVNAME,HAZ_PLAC,HAZ_PLACNAME,HAZ_ID,HAZ_IDNAME,HAZ_CNO,HAZ_CNONAME,HAZ_REL,HAZ_RELNAME,BUS_USE,BUS_USENAME,SPEC_USE,SPEC_USENAME,EMER_USE,EMER_USENAME,TRAV_SP,TRAV_SPNAME,UNDEROVERRIDE,UNDEROVERRIDENAME,ROLLOVER,ROLLOVERNAME,ROLINLOC,ROLINLOCNAME,IMPACT1,IMPACT1NAME,DEFORMED,DEFORMEDNAME,TOWED,TOWEDNAME,M_HARM,M_HARMNAME,FIRE_EXP,FIRE_EXPNAME,MAK_MOD,MAK_MODNAME,VIN_1,VIN_2,VIN_3,VIN_4,VIN_5,VIN_6,VIN_7,VIN_8,VIN_9,VIN_10,VIN_11,VIN_12,DEATHS,DR_DRINK,DR_DRINKNAME,DR_PRES,DR_PRESNAME,L_STATE,L_STATENAME,DR_ZIP,DR_ZIPNAME,L_TYPE,L_TYPENAME,L_STATUS,L_STATUSNAME,CDL_STAT,CDL_STATNAME,L_ENDORS,L_ENDORSNAME,L_COMPL,L_COMPLNAME,L_RESTRI,L_RESTRINAME,DR_HGT,DR_HGTNAME,DR_WGT,DR_WGTNAME,PREV_ACC,PREV_ACCNAME,PREV_SUS1,PREV_SUS1NAME,PREV_SUS2,PREV_SUS2NAME,PREV_SUS3,PREV_SUS3NAME,PREV_DWI,PREV_DWINAME,PREV_SPD,PREV_SPDNAME,PREV_OTH,PREV_OTHNAME,FIRST_MO,FIRST_MONAME,FIRST_YR,FIRST_YRNAME,LAST_MO,LAST_MONAME,LAST_YR,LAST_YRNAME,SPEEDREL,SPEEDRELNAME,VTRAFWAY,VTRAFWAYNAME,VNUM_LAN,VNUM_LANNAME,VSPD_LIM,VSPD_LIMNAME,VALIGN,VALIGNNAME,VPROFILE,VPROFILENAME,VPAVETYP,VPAVETYPNAME,VSURCOND,VSURCONDNAME,VTRAFCON,VTRAFCONNAME,VTCONT_F,VTCONT_FNAME,P_CRASH1,P_CRASH1NAME,P_CRASH2,P_CRASH2NAME,P_CRASH3,P_CRASH3NAME,PCRASH4,PCRASH4NAME,PCRASH5,PCRASH5NAME,ACC_TYPE,ACC_TYPENAME
17,Illinois,170547,1,1,7,July,4,4,18,6:00pm-6:59pm,7,7,1,Rollover/Overturn,0,The First Harmful Event was Not a Collision with a Motor Vehicle in Transport,1,1,1,Motor Vehicle In-Transport (Inside or Outside the Trafficway),0,No,1,Alabama,1,Driver (in this crash) was Registered Owner,56KTRAAA6K33,56KTRAAA6K33,2019,2019,1768,Indian Motorcycle,11919,Chief Roadmaster,81,Motorcycle - Touring / Sport Touring,98,Other Make,706,80,Two Wheel Motorcycle (excluding motor scooters),0,Not Applicable,11,"Class 1: 6,000 lbs. or less (2,722 kg or less)",11,"Class 1: 6,000 lbs. or less (2,722 kg or less)",0,No Trailers,7.78E+11,No Trailing Units,7.78E+11,No Trailing Units,7.78E+11,No Trailing Units,77,No Trailing Units,77,No Trailing Units,77,No Trailing Units,0,Not an Articulated Vehicle,0,Not Applicable,0,Not Applicable,0,Not Applicable,0,Not Applicable,0,Not Applicable (N/A),1,No,0,Not Applicable,0,Not Applicable,0,Not Applicable,0,Not Applicable,0,Not a Bus,0,No Special Use Noted,0,Not Applicable,998,Not Reported,7,Not Applicable,8,Not Applicable,8,Not Applicable,0,Non-Collision,2,Minor Damage,6,Towed,1,Rollover/Overturn,0,No or Not Reported,98706,Other Make 750cc or greater,5,6,K,T,R,A,A,A,6,K,3,3,1,0,No,1,Yes,1,Alabama,35760,35760,1,Full Driver License,6,Valid,0,No (CDL),0,No Endorsements required for this vehicle,3,Valid license for this class vehicle,3,"Restrictions, Compliance Unknown",69,69,270,270 lbs.,1,1,0,,0,,0,,0,,0,,0,,9,September,2023,2023,9,September,2023,2023,0,No,6,Entrance/Exit Ramp,1,One lane,45,45 MPH,2,Curve Right,2,"Grade, Unknown Slope",1,Concrete,1,Dry,0,No Controls,0,No Controls,14,Negotiating a Curve,9,Unknown cause of control loss,99,Unknown/Not Reported,9,Precrash stability unknown,6,Returned to roadway,98,M98-Other Crash Type
17,Illinois,170570,2,2,7,July,20,20,10,10:00am-10:59am,30,30,12,Motor Vehicle In-Transport,6,Angle,1,1,1,Motor Vehicle In-Transport (Inside or Outside the Trafficway),0,No,17,Illinois,1,Driver (in this crash) was Registered Owner,1HD1KED17HB6,1HD1KED17HB6,2017,2017,3888,Harley-Davidson,12624,FLHTK / ULTRA LIMITED,81,Motorcycle - Touring / Sport Touring,72,Harley-Davidson,706,80,Two Wheel Motorcycle (excluding motor scooters),0,Not Applicable,11,"Class 1: 6,000 lbs. or less (2,722 kg or less)",11,"Class 1: 6,000 lbs. or less (2,722 kg or less)",0,No Trailers,7.78E+11,No Trailing Units,7.78E+11,No Trailing Units,7.78E+11,No Trailing Units,77,No Trailing Units,77,No Trailing Units,77,No Trailing Units,0,Not an Articulated Vehicle,0,Not Applicable,0,Not Applicable,0,Not Applicable,0,Not Applicable,0,Not Applicable (N/A),1,No,0,Not Applicable,0,Not Applicable,0,Not Applicable,0,Not Applicable,0,Not a Bus,0,No Special Use Noted,0,Not Applicable,49,049 MPH,7,Not Applicable,8,Not Applicable,8,Not Applicable,12,12 Clock Point,6,Disabling Damage,6,Towed,12,Motor Vehicle In-Transport,0,No or Not Reported,72706,Harley-Davidson 750cc or greater,1,H,D,1,K,E,D,1,7,H,B,6,1,0,No,1,Yes,17,Illinois,61348,61348,1,Full Driver License,6,Valid,6,Valid,0,No Endorsements required for this vehicle,3,Valid license for this class vehicle,0,No Restrictions or Not Applicable,79,79,300,300 lbs.,1,1,0,,0,,0,,0,,0,,2,2,4,April,2021,2021,2,February,2024,2024,9,Reported as Unknown,1,"Two-Way, Not Divided",2,Two lanes,30,30 MPH,1,Straight,1,Level,2,"Blacktop, Bituminous, or Asphalt",1,Dry,0,No Controls,0,No Controls,1,Going Straight,67,"From crossing street, turning into opposite direction",1,No Avoidance Maneuver,1,Tracking,1,Stayed in original travel lane,83,"K83-Changing Trafficway, Vehicle Turning-Turn Into Path-Turn Into Opposite Directions (Going Straight)"
17,Illinois,170573,1,2,7,July,20,20,20,8:00pm-8:59pm,13,13,12,Motor Vehicle In-Transport,1,Front-to-Rear,1,1,1,Motor Vehicle In-Transport (Inside or Outside the Trafficway),0,No,17,Illinois,1,Driver (in this crash) was Registered Owner,JS1VT54A0321,JS1VT54A0321,2003,2003,509,Suzuki,13287,SV1000K / SV1000SK,80,Motorcycle - Sport,53,Suzuki,706,80,Two Wheel Motorcycle (excluding motor scooters),0,Not Applicable,11,"Class 1: 6,000 lbs. or less (2,722 kg or less)",11,"Class 1: 6,000 lbs. or less (2,722 kg or less)",0,No Trailers,7.78E+11,No Trailing Units,7.78E+11,No Trailing Units,7.78E+11,No Trailing Units,77,No Trailing Units,77,No Trailing Units,77,No Trailing Units,0,Not an Articulated Vehicle,0,Not Applicable,0,Not Applicable,0,Not Applicable,0,Not Applicable,0,Not Applicable (N/A),1,No,0,Not Applicable,0,Not Applicable,0,Not Applicable,0,Not Applicable,0,Not a Bus,0,No Special Use Noted,0,Not Applicable,998,Not Reported,7,Not Applicable,8,Not Applicable,8,Not Applicable,12,12 Clock Point,6,Disabling Damage,6,Towed,12,Motor Vehicle In-Transport,0,No or Not Reported,53706,Suzuki 750cc-over,J,S,1,V,T,5,4,A,0,3,2,1,1,1,Yes,1,Yes,17,Illinois,60625,60625,1,Full Driver License,2,Revoked,0,No (CDL),0,No Endorsements required for this vehicle,1,No license required for this class vehicle,0,No Restrictions or Not Applicable,77,77,270,270 lbs.,0,,0,,0,,0,,0,,0,,0,,0,No Record,0,No Record,0,No Record,0,No Record,3,"Yes, Exceeded Speed Limit",3,"Two-Way,  Divided, Positive  Median Barrier",4,Four lanes,55,55 MPH,1,Straight,1,Level,1,Concrete,1,Dry,98,Other,3,Device Functioning Properly,1,Going Straight,51,Traveling in same direction with lower steady speed,99,Unknown/Not Reported,1,Tracking,1,Stayed in original travel lane,24,"D24-Same Trafficway, Same Direction-Rear End-Slower"
17,Illinois,170575,3,3,7,July,19,19,14,2:00pm-2:59pm,30,30,12,Motor Vehicle In-Transport,1,Front-to-Rear,1,1,1,Motor Vehicle In-Transport (Inside or Outside the Trafficway),0,No,17,Illinois,1,Driver (in this crash) was Registered Owner,1HD1FSW144Y6,1HD1FSW144Y6,2004,2004,3888,Harley-Davidson,8517,FLTRI / Road Glide,81,Motorcycle - Touring / Sport Touring,72,Harley-Davidson,706,80,Two Wheel Motorcycle (excluding motor scooters),0,Not Applicable,11,"Class 1: 6,000 lbs. or less (2,722 kg or less)",11,"Class 1: 6,000 lbs. or less (2,722 kg or less)",0,No Trailers,7.78E+11,No Trailing Units,7.78E+11,No Trailing Units,7.78E+11,No Trailing Units,77,No Trailing Units,77,No Trailing Units,77,No Trailing Units,0,Not an Articulated Vehicle,0,Not Applicable,0,Not Applicable,0,Not Applicable,0,Not Applicable,0,Not Applicable (N/A),1,No,0,Not Applicable,0,Not Applicable,0,Not Applicable,0,Not Applicable,0,Not a Bus,0,No Special Use Noted,0,Not Applicable,998,Not Reported,7,Not Applicable,8,Not Applicable,8,Not Applicable,12,12 Clock Point,6,Disabling Damage,6,Towed,12,Motor Vehicle In-Transport,0,No or Not Reported,72706,Harley-Davidson 750cc or greater,1,H,D,1,F,S,W,1,4,4,Y,6,1,0,No,1,Yes,17,Illinois,62995,62995,1,Full Driver License,6,Valid,0,No (CDL),0,No Endorsements required for this vehicle,3,Valid license for this class vehicle,3,"Restrictions, Compliance Unknown",70,70,225,225 lbs.,0,,0,,0,,0,,0,,0,,0,,0,No Record,0,No Record,0,No Record,0,No Record,0,No,1,"Two-Way, Not Divided",2,Two lanes,55,55 MPH,1,Straight,1,Level,1,Concrete,1,Dry,0,No Controls,0,No Controls,1,Going Straight,50,Other vehicle stopped,16,Braking,2,Skidding longitudinally  rotation less than 30 degrees,1,Stayed in original travel lane,98,M98-Other Crash Type
17,Illinois,170579,1,1,7,July,27,27,18,6:00pm-6:59pm,28,28,33,Curb,0,The First Harmful Event was Not a Collision with a Motor Vehicle in Transport,1,1,1,Motor Vehicle In-Transport (Inside or Outside the Trafficway),0,No,17,Illinois,1,Driver (in this crash) was Registered Owner,1HD4LE217NB4,1HD4LE217NB4,2022,2022,3888,Harley-Davidson,12593,Iron 883,94,Motorcycle - Custom,72,Harley-Davidson,706,80,Two Wheel Motorcycle (excluding motor scooters),0,Not Applicable,11,"Class 1: 6,000 lbs. or less (2,722 kg or less)",11,"Class 1: 6,000 lbs. or less (2,722 kg or less)",0,No Trailers,7.78E+11,No Trailing Units,7.78E+11,No Trailing Units,7.78E+11,No Trailing Units,77,No Trailing Units,77,No Trailing Units,77,No Trailing Units,0,Not an Articulated Vehicle,0,Not Applicable,0,Not Applicable,0,Not Applicable,0,Not Applicable,0,Not Applicable (N/A),1,No,0,Not Applicable,0,Not Applicable,0,Not Applicable,0,Not Applicable,0,Not a Bus,0,No Special Use Noted,0,Not Applicable,998,Not Reported,7,Not Applicable,8,Not Applicable,8,Not Applicable,12,12 Clock Point,8,Not Reported,5,Not Towed,33,Curb,0,No or Not Reported,72706,Harley-Davidson 750cc or greater,1,H,D,4,L,E,2,1,7,N,B,4,1,0,No,1,Yes,17,Illinois,60617,60617,1,Full Driver License,6,Valid,0,No (CDL),0,No Endorsements required for this vehicle,2,No valid license for this class vehicle,3,"Restrictions, Compliance Unknown",69,69,226,226 lbs.,0,,0,,0,,0,,0,,0,,0,,0,No Record,0,No Record,0,No Record,0,No Record,9,Reported as Unknown,1,"Two-Way, Not Divided",5,Five lanes,30,30 MPH,1,Straight,1,Level,1,Concrete,1,Dry,1,Traffic control signal (on colors) without Pedestrian Signal,8,Not Reported,1,Going Straight,11,Over the lane line on right side of travel lane,99,Unknown/Not Reported,1,Tracking,4,Departed roadway,1,A1-Single Driver-Right Roadside Departure-Drive Off Road
17,Illinois,170583,1,1,7,July,24,24,17,5:00pm-5:59pm,20,20,34,Ditch,0,The First Harmful Event was Not a Collision with a Motor Vehicle in Transport,1,1,1,Motor Vehicle In-Transport (Inside or Outside the Trafficway),0,No,17,Illinois,2,Driver (in this crash) Not Registered Owner (Other Private Owner Listed),JS1NP41A2Y21,JS1NP41A2Y21,2000,2000,509,Suzuki,8593,LS650P,98,Motorcycle - Street,53,Suzuki,705,80,Two Wheel Motorcycle (excluding motor scooters),0,Not Applicable,11,"Class 1: 6,000 lbs. or less (2,722 kg or less)",11,"Class 1: 6,000 lbs. or less (2,722 kg or less)",0,No Trailers,7.78E+11,No Trailing Units,7.78E+11,No Trailing Units,7.78E+11,No Trailing Units,77,No Trailing Units,77,No Trailing Units,77,No Trailing Units,0,Not an Articulated Vehicle,0,Not Applicable,0,Not Applicable,0,Not Applicable,0,Not Applicable,0,Not Applicable (N/A),1,No,0,Not Applicable,0,Not Applicable,0,Not Applicable,0,Not Applicable,0,Not a Bus,0,No Special Use Noted,0,Not Applicable,998,Not Reported,7,Not Applicable,8,Not Applicable,8,Not Applicable,98,Not Reported,6,Disabling Damage,6,Towed,34,Ditch,0,No or Not Reported,53705,Suzuki 450-749cc,J,S,1,N,P,4,1,A,2,Y,2,1,1,0,No,1,Yes,17,Illinois,62426,62426,1,Full Driver License,2,Revoked,0,No (CDL),0,No Endorsements required for this vehicle,2,No valid license for this class vehicle,0,No Restrictions or Not Applicable,71,71,155,155 lbs.,0,,0,,0,,0,,0,,0,,0,,0,No Record,0,No Record,0,No Record,0,No Record,4,"Yes, Too Fast for Conditions",1,"Two-Way, Not Divided",2,Two lanes,55,55 MPH,2,Curve Right,1,Level,1,Concrete,1,Dry,98,Other,3,Device Functioning Properly,14,Negotiating a Curve,6,Traveling Too Fast for Conditions or Road Configuration,99,Unknown/Not Reported,1,Tracking,4,Departed roadway,6,B6-Single Driver-Left Roadside Departure-Drive Off Road
17,Illinois,170586,1,1,7,July,29,29,15,3:00pm-3:59pm,0,0,25,Concrete Traffic Barrier,0,The First Harmful Event was Not a Collision with a Motor Vehicle in Transport,1,1,1,Motor Vehicle In-Transport (Inside or Outside the Trafficway),0,No,92,No Registration,0,"Not Applicable, Vehicle Not Registered",JYARN13E85A0,JYARN13E85A0,2005,2005,564,Yamaha,3214,YZF-R1,80,Motorcycle - Sport,76,Yamaha,706,80,Two Wheel Motorcycle (excluding motor scooters),0,Not Applicable,11,"Class 1: 6,000 lbs. or less (2,722 kg or less)",11,"Class 1: 6,000 lbs. or less (2,722 kg or less)",0,No Trailers,7.78E+11,No Trailing Units,7.78E+11,No Trailing Units,7.78E+11,No Trailing Units,77,No Trailing Units,77,No Trailing Units,77,No Trailing Units,0,Not an Articulated Vehicle,0,Not Applicable,0,Not Applicable,0,Not Applicable,0,Not Applicable,0,Not Applicable (N/A),1,No,0,Not Applicable,0,Not Applicable,0,Not Applicable,0,Not Applicable,0,Not a Bus,0,No Special Use Noted,0,Not Applicable,998,Not Reported,7,Not Applicable,8,Not Applicable,8,Not Applicable,99,Reported as Unknown,6,Disabling Damage,6,Towed,25,Concrete Traffic Barrier,0,No or Not Reported,76706,Yamaha 750cc or greater,J,Y,A,R,N,1,3,E,8,5,A,0,1,0,No,1,Yes,17,Illinois,61611,61611,1,Full Driver License,6,Valid,0,No (CDL),0,No Endorsements required for this vehicle,3,Valid license for this class vehicle,0,No Restrictions or Not Applicable,73,73,150,150 lbs.,0,,0,,0,,1,1,0,,0,,2,2,9,September,2019,2019,5,May,2024,2024,5,"Yes, Specifics Unknown",6,Entrance/Exit Ramp,1,One lane,55,55 MPH,3,Curve Left,2,"Grade, Unknown Slope",1,Concrete,1,Dry,98,Other,3,Device Functioning Properly,14,Negotiating a Curve,13,Off the edge of the road on the right side,99,Unknown/Not Reported,1,Tracking,4,Departed roadway,1,A1-Single Driver-Right Roadside Departure-Drive Off Road
17,Illinois,170587,2,2,7,July,27,27,3,3:00am-3:59am,56,56,12,Motor Vehicle In-Transport,6,Angle,2,2,1,Motor Vehicle In-Transport (Inside or Outside the Trafficway),0,No,92,No Registration,0,"Not Applicable, Vehicle Not Registered",JYARJ16E9FA0,JYARJ16E9FA0,2015,2015,564,Yamaha,3211,YZF-R6,80,Motorcycle - Sport,76,Yamaha,705,80,Two Wheel Motorcycle (excluding motor scooters),0,Not Applicable,11,"Class 1: 6,000 lbs. or less (2,722 kg or less)",11,"Class 1: 6,000 lbs. or less (2,722 kg or less)",0,No Trailers,7.78E+11,No Trailing Units,7.78E+11,No Trailing Units,7.78E+11,No Trailing Units,77,No Trailing Units,77,No Trailing Units,77,No Trailing Units,0,Not an Articulated Vehicle,0,Not Applicable,0,Not Applicable,0,Not Applicable,0,Not Applicable,0,Not Applicable (N/A),1,No,0,Not Applicable,0,Not Applicable,0,Not Applicable,0,Not Applicable,0,Not a Bus,0,No Special Use Noted,0,Not Applicable,998,Not Reported,7,Not Applicable,8,Not Applicable,8,Not Applicable,12,12 Clock Point,6,Disabling Damage,6,Towed,12,Motor Vehicle In-Transport,0,No or Not Reported,76705,Yamaha 450-749cc,J,Y,A,R,J,1,6,E,9,F,A,0,1,0,No,1,Yes,17,Illinois,61109,61109,1,Full Driver License,6,Valid,0,No (CDL),0,No Endorsements required for this vehicle,2,No valid license for this class vehicle,3,"Restrictions, Compliance Unknown",69,69,270,270 lbs.,0,,0,,0,,0,,0,,0,,1,1,12,December,2023,2023,12,December,2023,2023,9,Reported as Unknown,2,"Two-Way, Divided, Unprotected Median",3,Three lanes,45,45 MPH,1,Straight,1,Level,1,Concrete,1,Dry,0,No Controls,0,No Controls,1,Going Straight,56,Backing,99,Unknown/Not Reported,1,Tracking,3,"Stayed on roadway, not known if left original travel lane",93,M93-Backing-Other Vehicle
17,Illinois,170591,1,2,7,July,17,17,14,2:00pm-2:59pm,48,48,12,Motor Vehicle In-Transport,1,Front-to-Rear,1,1,1,Motor Vehicle In-Transport (Inside or Outside the Trafficway),0,No,17,Illinois,2,Driver (in this crash) Not Registered Owner (Other Private Owner Listed),ZCGJDFTU5AV0,ZCGJDFTU5AV0,2010,2010,2536,MV Agusta Motor,10435,B5,80,Motorcycle - Sport,98,Other Make,706,80,Two Wheel Motorcycle (excluding motor scooters),0,Not Applicable,11,"Class 1: 6,000 lbs. or less (2,722 kg or less)",11,"Class 1: 6,000 lbs. or less (2,722 kg or less)",0,No Trailers,7.78E+11,No Trailing Units,7.78E+11,No Trailing Units,7.78E+11,No Trailing Units,77,No Trailing Units,77,No Trailing Units,77,No Trailing Units,0,Not an Articulated Vehicle,0,Not Applicable,0,Not Applicable,0,Not Applicable,0,Not Applicable,0,Not Applicable (N/A),1,No,0,Not Applicable,0,Not Applicable,0,Not Applicable,0,Not Applicable,0,Not a Bus,0,No Special Use Noted,0,Not Applicable,998,Not Reported,7,Not Applicable,8,Not Applicable,8,Not Applicable,12,12 Clock Point,6,Disabling Damage,6,Towed,12,Motor Vehicle In-Transport,0,No or Not Reported,98706,Other Make 750cc or greater,Z,C,G,J,D,F,T,U,5,A,V,0,1,0,No,1,Yes,98,Not Reported,60177,60177,9,Unknown License Type,9,Unknown License Status,99,Unknown License Status,9,"Unknown, if required",9,Unknown,9,Unknown,999,Unknown,999,Unknown,99,Unknown,99,Unknown,99,Unknown,99,Unknown,99,Unknown,99,Unknown,99,Unknown,99,Unknown,9999,Unknown,99,Unknown,9999,Unknown,5,"Yes, Specifics Unknown",7,"Two-Way Divided, Unknown if Unprotected Median or Positive Median Barrier",6,Six lanes,70,70 MPH,1,Straight,1,Level,2,"Blacktop, Bituminous, or Asphalt",1,Dry,98,Other,3,Device Functioning Properly,15,Changing Lanes,11,Over the lane line on right side of travel lane,15,Braking and Unknown Steering Direction,1,Tracking,2,"Stayed on roadway, but left original travel lane",24,"D24-Same Trafficway, Same Direction-Rear End-Slower"
17,Illinois,170592,2,2,7,July,27,27,2,2:00am-2:59am,9,9,12,Motor Vehicle In-Transport,6,Angle,1,1,1,Motor Vehicle In-Transport (Inside or Outside the Trafficway),0,No,17,Illinois,2,Driver (in this crash) Not Registered Owner (Other Private Owner Listed),JS1GN7BA4121,JS1GN7BA4121,2001,2001,509,Suzuki,13162,GSX-R600,81,Motorcycle - Touring / Sport Touring,53,Suzuki,705,80,Two Wheel Motorcycle (excluding motor scooters),0,Not Applicable,11,"Class 1: 6,000 lbs. or less (2,722 kg or less)",11,"Class 1: 6,000 lbs. or less (2,722 kg or less)",0,No Trailers,7.78E+11,No Trailing Units,7.78E+11,No Trailing Units,7.78E+11,No Trailing Units,77,No Trailing Units,77,No Trailing Units,77,No Trailing Units,0,Not an Articulated Vehicle,0,Not Applicable,0,Not Applicable,0,Not Applicable,0,Not Applicable,0,Not Applicable (N/A),1,No,0,Not Applicable,0,Not Applicable,0,Not Applicable,0,Not Applicable,0,Not a Bus,0,No Special Use Noted,0,Not Applicable,998,Not Reported,7,Not Applicable,8,Not Applicable,8,Not Applicable,12,12 Clock Point,6,Disabling Damage,6,Towed,12,Motor Vehicle In-Transport,0,No or Not Reported,53705,Suzuki 450-749cc,J,S,1,G,N,7,B,A,4,1,2,1,1,0,No,1,Yes,17,Illinois,60137,60137,1,Full Driver License,1,Suspended,0,No (CDL),0,No Endorsements required for this vehicle,2,No valid license for this class vehicle,0,No Restrictions or Not Applicable,72,72,175,175 lbs.,0,,0,,0,,1,1,0,,0,,1,1,12,December,2022,2022,3,March,2023,2023,0,No,2,"Two-Way, Divided, Unprotected Median",2,Two lanes,35,35 MPH,1,Straight,1,Level,1,Concrete,1,Dry,0,No Controls,0,No Controls,1,Going Straight,10,Over the lane line on left side of travel lane,99,Unknown/Not Reported,1,Tracking,2,"Stayed on roadway, but left original travel lane",64,"I64-Same Trafficway, Opposite Direction-Angle, Sideswipe-Lateral Move (Left/Right)"
17,Illinois,170597,1,2,7,July,14,14,20,8:00pm-8:59pm,54,54,5,Fell/Jumped from Vehicle,0,The First Harmful Event was Not a Collision with a Motor Vehicle in Transport,2,2,1,Motor Vehicle In-Transport (Inside or Outside the Trafficway),0,No,0,Not Applicable,0,"Not Applicable, Vehicle Not Registered",LSNYAFT91H10,LSNYAFT91H10,2017,2017,3350,TAOTAO,99997,Other,87,Motorcycle - Small / Minibike,98,Other Make,709,88,"Other motored cycle type (mini-bikes, pocket motorcycles ""pocket bikes"")",0,Not Applicable,11,"Class 1: 6,000 lbs. or less (2,722 kg or less)",11,"Class 1: 6,000 lbs. or less (2,722 kg or less)",0,No Trailers,7.78E+11,No Trailing Units,7.78E+11,No Trailing Units,7.78E+11,No Trailing Units,77,No Trailing Units,77,No Trailing Units,77,No Trailing Units,0,Not an Articulated Vehicle,0,Not Applicable,0,Not Applicable,0,Not Applicable,0,Not Applicable,0,Not Applicable (N/A),1,No,0,Not Applicable,0,Not Applicable,0,Not Applicable,0,Not Applicable,0,Not a Bus,0,No Special Use Noted,0,Not Applicable,998,Not Reported,7,Not Applicable,8,Not Applicable,8,Not Applicable,0,Non-Collision,0,No Damage,6,Towed,5,Fell/Jumped from Vehicle,0,No or Not Reported,98709,Other Make Unknown cc,L,S,N,Y,A,F,T,9,1,H,1,0,1,0,No,1,Yes,17,Illinois,60525,60525,0,Not Licensed,0,Not licensed,0,No (CDL),0,No Endorsements required for this vehicle,0,Not licensed,0,No Restrictions or Not Applicable,999,Unknown,999,Unknown,0,,0,,0,,0,,0,,0,,0,,0,No Record,0,No Record,0,No Record,0,No Record,0,No,7,"Two-Way Divided, Unknown if Unprotected Median or Positive Median Barrier",2,Two lanes,30,30 MPH,1,Straight,1,Level,2,"Blacktop, Bituminous, or Asphalt",1,Dry,0,No Controls,0,No Controls,1,Going Straight,98,Other critical precrash event (specify:),1,No Avoidance Maneuver,1,Tracking,1,Stayed in original travel lane,0,M0-No Impact
17,Illinois,170606,2,2,7,July,22,22,20,8:00pm-8:59pm,38,38,12,Motor Vehicle In-Transport,6,Angle,1,1,1,Motor Vehicle In-Transport (Inside or Outside the Trafficway),0,No,17,Illinois,1,Driver (in this crash) was Registered Owner,1HD1BW5159Y0,1HD1BW5159Y0,2009,2009,3888,Harley-Davidson,8501,Heritage Softail Classic,81,Motorcycle - Touring / Sport Touring,72,Harley-Davidson,706,80,Two Wheel Motorcycle (excluding motor scooters),0,Not Applicable,11,"Class 1: 6,000 lbs. or less (2,722 kg or less)",11,"Class 1: 6,000 lbs. or less (2,722 kg or less)",0,No Trailers,7.78E+11,No Trailing Units,7.78E+11,No Trailing Units,7.78E+11,No Trailing Units,77,No Trailing Units,77,No Trailing Units,77,No Trailing Units,0,Not an Articulated Vehicle,0,Not Applicable,0,Not Applicable,0,Not Applicable,0,Not Applicable,0,Not Applicable (N/A),1,No,0,Not Applicable,0,Not Applicable,0,Not Applicable,0,Not Applicable,0,Not a Bus,0,No Special Use Noted,0,Not Applicable,998,Not Reported,7,Not Applicable,8,Not Applicable,8,Not Applicable,12,12 Clock Point,6,Disabling Damage,6,Towed,12,Motor Vehicle In-Transport,0,No or Not Reported,72706,Harley-Davidson 750cc or greater,1,H,D,1,B,W,5,1,5,9,Y,0,1,0,No,1,Yes,17,Illinois,60638,60638,1,Full Driver License,6,Valid,0,No (CDL),0,No Endorsements required for this vehicle,3,Valid license for this class vehicle,3,"Restrictions, Compliance Unknown",64,64,165,165 lbs.,0,,0,,0,,0,,0,,0,,0,,0,No Record,0,No Record,0,No Record,0,No Record,9,Reported as Unknown,2,"Two-Way, Divided, Unprotected Median",2,Two lanes,30,30 MPH,1,Straight,1,Level,8,Not Reported,1,Dry,0,No Controls,0,No Controls,1,Going Straight,10,Over the lane line on left side of travel lane,99,Unknown/Not Reported,1,Tracking,2,"Stayed on roadway, but left original travel lane",69,"J69-Changing Trafficway, Vehicle Turning-Turn Across Path-Initial Opposite Directions (Going Straight)"
17,Illinois,170619,2,2,8,August,3,3,22,10:00pm-10:59pm,50,50,12,Motor Vehicle In-Transport,6,Angle,2,2,1,Motor Vehicle In-Transport (Inside or Outside the Trafficway),0,No,17,Illinois,1,Driver (in this crash) was Registered Owner,1HD1KBM14EB6,1HD1KBM14EB6,2014,2014,3888,Harley-Davidson,8515,Street Glide,81,Motorcycle - Touring / Sport Touring,72,Harley-Davidson,706,80,Two Wheel Motorcycle (excluding motor scooters),0,Not Applicable,11,"Class 1: 6,000 lbs. or less (2,722 kg or less)",11,"Class 1: 6,000 lbs. or less (2,722 kg or less)",0,No Trailers,7.78E+11,No Trailing Units,7.78E+11,No Trailing Units,7.78E+11,No Trailing Units,77,No Trailing Units,77,No Trailing Units,77,No Trailing Units,0,Not an Articulated Vehicle,0,Not Applicable,0,Not Applicable,0,Not Applicable,0,Not Applicable,0,Not Applicable (N/A),1,No,0,Not Applicable,0,Not Applicable,0,Not Applicable,0,Not Applicable,0,Not a Bus,0,No Special Use Noted,0,Not Applicable,998,Not Reported,7,Not Applicable,8,Not Applicable,8,Not Applicable,12,12 Clock Point,6,Disabling Damage,6,Towed,12,Motor Vehicle In-Transport,0,No or Not Reported,72706,Harley-Davidson 750cc or greater,1,H,D,1,K,B,M,1,4,E,B,6,2,1,Yes,1,Yes,17,Illinois,62040,62040,1,Full Driver License,6,Valid,0,No (CDL),0,No Endorsements required for this vehicle,3,Valid license for this class vehicle,0,No Restrictions or Not Applicable,69,69,320,320 lbs.,1,1,0,,0,,0,,0,,1,1,0,,12,December,2023,2023,12,December,2023,2023,9,Reported as Unknown,2,"Two-Way, Divided, Unprotected Median",4,Four lanes,55,55 MPH,1,Straight,1,Level,2,"Blacktop, Bituminous, or Asphalt",1,Dry,0,No Controls,0,No Controls,1,Going Straight,66,"From crossing street, across path",99,Unknown/Not Reported,1,Tracking,3,"Stayed on roadway, not known if left original travel lane",83,"K83-Changing Trafficway, Vehicle Turning-Turn Into Path-Turn Into Opposite Directions (Going Straight)"