STATE,STATENAME,ST_CASE,VEH_NO,VE_FORMS,MONTH,MONTHNAME,DAY,DAYNAME,HOUR,HOURNAME,MINUTE,MINUTENAME,HARM_EV,HARM_EVNAME,MAN_COLL,MAN_COLLNAME,NUMOCCS,NUMOCCSNAME,UNITTYPE,UNITTYPENAME,HIT_RUN,HIT_RUNNAME,REG_STAT,REG_STATNAME,OWNER,OWNERNAME,VIN,VINNAME,MOD_YEAR,MOD_YEARNAME,VPICMAKE,VPICMAKENAME,VPICMODEL,VPICMODELNAME,VPICBODYCLASS,VPICBODYCLASSNAME,MAKE,MAKENAME,MODEL,BODY_TYP,BODY_TYPNAME,ICFINALBODY,ICFINALBODYNAME,GVWR_FROM,GVWR_FROMNAME,GVWR_TO,GVWR_TONAME,TOW_VEH,TOW_VEHNAME,TRLR1VIN,TRLR1VINNAME,TRLR2VIN,TRLR2VINNAME,TRLR3VIN,TRLR3VINNAME,TRLR1GVWR,TRLR1GVWRNAME,TRLR2GVWR,TRLR2GVWRNAME,TRLR3GVWR,TRLR3GVWRNAME,J_KNIFE,J_KNIFENAME,MCARR_ID,MCARR_IDNAME,MCARR_I1,MCARR_I1NAME,MCARR_I2,MCARR_I2NAME,V_CONFIG,V_CONFIGNAME,CARGO_BT,CARGO_BTNAME,HAZ_INV,HAZ_INVNAME,HAZ_PLAC,HAZ_PLACNAME,HAZ_ID,HAZ_IDNAME,HAZ_CNO,HAZ_CNONAME,HAZ_REL,HAZ_RELNAME,BUS_USE,BUS_USENAME,SPEC_USE,SPEC_USENAME,EMER_USE,EMER_USENAME,TRAV_SP,TRAV_SPNAME,UNDEROVERRIDE,UNDEROVERRIDENAME,ROLLOVER,ROLLOVERNAME,ROLINLOC,ROLINLOCNAME,IMPACT1,IMPACT1NAME,DEFORMED,DEFORMEDNAME,TOWED,TOWEDNAME,M_HARM,M_HARMNAME,FIRE_EXP,FIRE_EXPNAME,MAK_MOD,MAK_MODNAME,VIN_1,VIN_2,VIN_3,VIN_4,VIN_5,VIN_6,VIN_7,VIN_8,VIN_9,VIN_10,VIN_11,VIN_12,DEATHS,DR_DRINK,DR_DRINKNAME,DR_PRES,DR_PRESNAME,L_STATE,L_STATENAME,DR_ZIP,DR_ZIPNAME,L_TYPE,L_TYPENAME,L_STATUS,L_STATUSNAME,CDL_STAT,CDL_STATNAME,L_ENDORS,L_ENDORSNAME,L_COMPL,L_COMPLNAME,L_RESTRI,L_RESTRINAME,DR_HGT,DR_HGTNAME,DR_WGT,DR_WGTNAME,PREV_ACC,PREV_ACCNAME,PREV_SUS1,PREV_SUS1NAME,PREV_SUS2,PREV_SUS2NAME,PREV_SUS3,PREV_SUS3NAME,PREV_DWI,PREV_DWINAME,PREV_SPD,PREV_SPDNAME,PREV_OTH,PREV_OTHNAME,FIRST_MO,FIRST_MONAME,FIRST_YR,FIRST_YRNAME,LAST_MO,LAST_MONAME,LAST_YR,LAST_YRNAME,SPEEDREL,SPEEDRELNAME,VTRAFWAY,VTRAFWAYNAME,VNUM_LAN,VNUM_LANNAME,VSPD_LIM,VSPD_LIMNAME,VALIGN,VALIGNNAME,VPROFILE,VPROFILENAME,VPAVETYP,VPAVETYPNAME,VSURCOND,VSURCONDNAME,VTRAFCON,VTRAFCONNAME,VTCONT_F,VTCONT_FNAME,P_CRASH1,P_CRASH1NAME,P_CRASH2,P_CRASH2NAME,P_CRASH3,P_CRASH3NAME,PCRASH4,PCRASH4NAME,PCRASH5,PCRASH5NAME,ACC_TYPE,ACC_TYPENAME
30,Montana,300143,1,1,8,August,27,27,13,1:00pm-1:59pm,0,0,53,Mail Box,0,The First Harmful Event was Not a Collision with a Motor Vehicle in Transport,1,1,1,Motor Vehicle In-Transport (Inside or Outside the Trafficway),0,No,30,Montana,2,Driver (in this crash) Not Registered Owner (Other Private Owner Listed),JYARN05E8YA0,JYARN05E8YA0,2000,2000,564,Yamaha,3214,YZF-R1,80,Motorcycle - Sport,76,Yamaha,706,80,Two Wheel Motorcycle (excluding motor scooters),0,Not Applicable,11,"Class 1: 6,000 lbs. or less (2,722 kg or less)",11,"Class 1: 6,000 lbs. or less (2,722 kg or less)",0,No Trailers,7.78E+11,No Trailing Units,7.78E+11,No Trailing Units,7.78E+11,No Trailing Units,77,No Trailing Units,77,No Trailing Units,77,No Trailing Units,0,Not an Articulated Vehicle,0,Not Applicable,0,Not Applicable,0,Not Applicable,0,Not Applicable,0,Not Applicable (N/A),1,No,0,Not Applicable,0,Not Applicable,0,Not Applicable,0,Not Applicable,0,Not a Bus,0,No Special Use Noted,0,Not Applicable,59,059 MPH,7,Not Applicable,8,Not Applicable,8,Not Applicable,12,12 Clock Point,6,Disabling Damage,6,Towed,34,Ditch,0,No or Not Reported,76706,Yamaha 750cc or greater,J,Y,A,R,N,0,5,E,8,Y,A,0,1,0,No,1,Yes,30,Montana,59722,59722,1,Full Driver License,6,Valid,0,No (CDL),0,No Endorsements required for this vehicle,2,No valid license for this class vehicle,0,No Restrictions or Not Applicable,999,Unknown,999,Unknown,98,Crashes Not Reported on Driving Record,0,,0,,0,,0,,0,,0,,0,No Record,0,No Record,0,No Record,0,No Record,3,"Yes, Exceeded Speed Limit",1,"Two-Way, Not Divided",2,Two lanes,45,45 MPH,3,Curve Left,5,Uphill,2,"Blacktop, Bituminous, or Asphalt",1,Dry,0,No Controls,0,No Controls,14,Negotiating a Curve,13,Off the edge of the road on the right side,99,Unknown/Not Reported,1,Tracking,4,Departed roadway,1,A1-Single Driver-Right Roadside Departure-Drive Off Road
30,Montana,300145,1,2,9,September,20,20,20,8:00pm-8:59pm,40,40,12,Motor Vehicle In-Transport,6,Angle,2,2,1,Motor Vehicle In-Transport (Inside or Outside the Trafficway),0,No,99,Reported as Unknown,9,Unknown,4963881,4963881,1975,1975,452,BMW,99997,Other,6,Motorcycle - Standard,34,BMW,709,80,Two Wheel Motorcycle (excluding motor scooters),0,Not Applicable,11,"Class 1: 6,000 lbs. or less (2,722 kg or less)",11,"Class 1: 6,000 lbs. or less (2,722 kg or less)",0,No Trailers,7.78E+11,No Trailing Units,7.78E+11,No Trailing Units,7.78E+11,No Trailing Units,77,No Trailing Units,77,No Trailing Units,77,No Trailing Units,0,Not an Articulated Vehicle,0,Not Applicable,0,Not Applicable,0,Not Applicable,0,Not Applicable,0,Not Applicable (N/A),1,No,0,Not Applicable,0,Not Applicable,0,Not Applicable,0,Not Applicable,0,Not a Bus,0,No Special Use Noted,0,Not Applicable,998,Not Reported,7,Not Applicable,8,Not Applicable,8,Not Applicable,10,10 Clock Point,6,Disabling Damage,6,Towed,12,Motor Vehicle In-Transport,1,Yes,34709,BMW Unknown cc,4,9,6,3,8,8,1,,,,,,1,1,Yes,1,Yes,30,Montana,59718,59718,1,Full Driver License,1,Suspended,0,No (CDL),0,No Endorsements required for this vehicle,2,No valid license for this class vehicle,3,"Restrictions, Compliance Unknown",999,Unknown,999,Unknown,98,Crashes Not Reported on Driving Record,0,,1,1,0,,0,,0,,0,,9,September,2024,2024,9,September,2024,2024,0,No,1,"Two-Way, Not Divided",2,Two lanes,45,45 MPH,1,Straight,1,Level,2,"Blacktop, Bituminous, or Asphalt",1,Dry,20,Stop Sign,3,Device Functioning Properly,11,Turning Left,15,Turning Left,1,No Avoidance Maneuver,1,Tracking,1,Stayed in original travel lane,82,"K82-Changing Trafficway, Vehicle Turning-Turn Into Path-Turn Into Opposite Directions (Turning Left)"
30,Montana,300145,2,2,9,September,20,20,20,8:00pm-8:59pm,40,40,12,Motor Vehicle In-Transport,6,Angle,1,1,1,Motor Vehicle In-Transport (Inside or Outside the Trafficway),0,No,30,Montana,2,Driver (in this crash) Not Registered Owner (Other Private Owner Listed),1HD1JB5167Y0,1HD1JB5167Y0,2007,2007,3888,Harley-Davidson,11199,Softail Deuce,94,Motorcycle - Custom,72,Harley-Davidson,706,80,Two Wheel Motorcycle (excluding motor scooters),0,Not Applicable,11,"Class 1: 6,000 lbs. or less (2,722 kg or less)",11,"Class 1: 6,000 lbs. or less (2,722 kg or less)",0,No Trailers,7.78E+11,No Trailing Units,7.78E+11,No Trailing Units,7.78E+11,No Trailing Units,77,No Trailing Units,77,No Trailing Units,77,No Trailing Units,0,Not an Articulated Vehicle,0,Not Applicable,0,Not Applicable,0,Not Applicable,0,Not Applicable,0,Not Applicable (N/A),1,No,0,Not Applicable,0,Not Applicable,0,Not Applicable,0,Not Applicable,0,Not a Bus,0,No Special Use Noted,0,Not Applicable,998,Not Reported,7,Not Applicable,8,Not Applicable,8,Not Applicable,12,12 Clock Point,6,Disabling Damage,6,Towed,12,Motor Vehicle In-Transport,0,No or Not Reported,72706,Harley-Davidson 750cc or greater,1,H,D,1,J,B,5,1,6,7,Y,0,1,1,Yes,1,Yes,30,Montana,59718,59718,0,Not Licensed,0,Not licensed,0,No (CDL),0,No Endorsements required for this vehicle,0,Not licensed,0,No Restrictions or Not Applicable,999,Unknown,999,Unknown,98,Crashes Not Reported on Driving Record,0,,0,,0,,0,,0,,0,,0,No Record,0,No Record,0,No Record,0,No Record,0,No,1,"Two-Way, Not Divided",2,Two lanes,55,55 MPH,1,Straight,1,Level,2,"Blacktop, Bituminous, or Asphalt",1,Dry,0,No Controls,0,No Controls,1,Going Straight,67,"From crossing street, turning into opposite direction",99,Unknown/Not Reported,1,Tracking,1,Stayed in original travel lane,83,"K83-Changing Trafficway, Vehicle Turning-Turn Into Path-Turn Into Opposite Directions (Going Straight)"
30,Montana,300149,2,2,9,September,9,9,20,8:00pm-8:59pm,47,47,12,Motor Vehicle In-Transport,6,Angle,1,1,1,Motor Vehicle In-Transport (Inside or Outside the Trafficway),0,No,30,Montana,1,Driver (in this crash) was Registered Owner,JKBZRCB18GDA,JKBZRCB18GDA,2016,2016,510,Kawasaki,13097,Z800,98,Motorcycle - Street,73,Kawasaki,706,80,Two Wheel Motorcycle (excluding motor scooters),0,Not Applicable,11,"Class 1: 6,000 lbs. or less (2,722 kg or less)",11,"Class 1: 6,000 lbs. or less (2,722 kg or less)",0,No Trailers,7.78E+11,No Trailing Units,7.78E+11,No Trailing Units,7.78E+11,No Trailing Units,77,No Trailing Units,77,No Trailing Units,77,No Trailing Units,0,Not an Articulated Vehicle,0,Not Applicable,0,Not Applicable,0,Not Applicable,0,Not Applicable,0,Not Applicable (N/A),1,No,0,Not Applicable,0,Not Applicable,0,Not Applicable,0,Not Applicable,0,Not a Bus,0,No Special Use Noted,0,Not Applicable,35,035 MPH,7,Not Applicable,8,Not Applicable,8,Not Applicable,81,Right,6,Disabling Damage,6,Towed,12,Motor Vehicle In-Transport,0,No or Not Reported,73706,Kawasaki 750cc or greater,J,K,B,Z,R,C,B,1,8,G,D,A,1,0,No,1,Yes,30,Montana,59101,59101,1,Full Driver License,6,Valid,0,No (CDL),0,No Endorsements required for this vehicle,2,No valid license for this class vehicle,0,No Restrictions or Not Applicable,999,Unknown,999,Unknown,98,Crashes Not Reported on Driving Record,0,,0,,0,,0,,1,1,0,,11,November,2020,2020,11,November,2020,2020,0,No,4,One-Way Trafficway,4,Four lanes,35,35 MPH,1,Straight,1,Level,2,"Blacktop, Bituminous, or Asphalt",1,Dry,97,Not Reported,8,Not Reported,1,Going Straight,66,"From crossing street, across path",99,Unknown/Not Reported,1,Tracking,1,Stayed in original travel lane,87,L87-Intersecting Paths-Straight Paths-Struck on the Right
30,Montana,300158,2,2,7,July,24,24,11,11:00am-11:59am,17,17,12,Motor Vehicle In-Transport,6,Angle,1,1,1,Motor Vehicle In-Transport (Inside or Outside the Trafficway),0,No,30,Montana,2,Driver (in this crash) Not Registered Owner (Other Private Owner Listed),1HD4CR217BC4,1HD4CR217BC4,2011,2011,3888,Harley-Davidson,11331,Sportster 883 Superlow,94,Motorcycle - Custom,72,Harley-Davidson,706,80,Two Wheel Motorcycle (excluding motor scooters),0,Not Applicable,11,"Class 1: 6,000 lbs. or less (2,722 kg or less)",11,"Class 1: 6,000 lbs. or less (2,722 kg or less)",0,No Trailers,7.78E+11,No Trailing Units,7.78E+11,No Trailing Units,7.78E+11,No Trailing Units,77,No Trailing Units,77,No Trailing Units,77,No Trailing Units,0,Not an Articulated Vehicle,0,Not Applicable,0,Not Applicable,0,Not Applicable,0,Not Applicable,0,Not Applicable (N/A),1,No,0,Not Applicable,0,Not Applicable,0,Not Applicable,0,Not Applicable,0,Not a Bus,0,No Special Use Noted,0,Not Applicable,998,Not Reported,7,Not Applicable,8,Not Applicable,8,Not Applicable,12,12 Clock Point,6,Disabling Damage,6,Towed,12,Motor Vehicle In-Transport,0,No or Not Reported,72706,Harley-Davidson 750cc or greater,1,H,D,4,C,R,2,1,7,B,C,4,1,0,No,1,Yes,30,Montana,59901,59901,1,Full Driver License,6,Valid,0,No (CDL),0,No Endorsements required for this vehicle,2,No valid license for this class vehicle,0,No Restrictions or Not Applicable,999,Unknown,999,Unknown,98,Crashes Not Reported on Driving Record,0,,0,,0,,0,,2,2,0,,2,February,2020,2020,6,June,2024,2024,3,"Yes, Exceeded Speed Limit",5,"Two-Way, Not Divided With a Continuous Left-Turn Lane",5,Five lanes,35,35 MPH,1,Straight,1,Level,2,"Blacktop, Bituminous, or Asphalt",1,Dry,0,No Controls,0,No Controls,1,Going Straight,62,From opposite direction  over left lane line,99,Unknown/Not Reported,1,Tracking,1,Stayed in original travel lane,69,"J69-Changing Trafficway, Vehicle Turning-Turn Across Path-Initial Opposite Directions (Going Straight)"
30,Montana,300167,1,1,10,October,8,8,9,9:00am-9:59am,1,1,1,Rollover/Overturn,0,The First Harmful Event was Not a Collision with a Motor Vehicle in Transport,1,1,1,Motor Vehicle In-Transport (Inside or Outside the Trafficway),0,No,53,Washington,1,Driver (in this crash) was Registered Owner,1HD1KEL33EB7,1HD1KEL33EB7,2014,2014,3888,Harley-Davidson,11121,Electra Glide Ultra Limited,81,Motorcycle - Touring / Sport Touring,72,Harley-Davidson,706,80,Two Wheel Motorcycle (excluding motor scooters),0,Not Applicable,11,"Class 1: 6,000 lbs. or less (2,722 kg or less)",11,"Class 1: 6,000 lbs. or less (2,722 kg or less)",0,No Trailers,7.78E+11,No Trailing Units,7.78E+11,No Trailing Units,7.78E+11,No Trailing Units,77,No Trailing Units,77,No Trailing Units,77,No Trailing Units,0,Not an Articulated Vehicle,0,Not Applicable,0,Not Applicable,0,Not Applicable,0,Not Applicable,0,Not Applicable (N/A),1,No,0,Not Applicable,0,Not Applicable,0,Not Applicable,0,Not Applicable,0,Not a Bus,0,No Special Use Noted,0,Not Applicable,998,Not Reported,7,Not Applicable,8,Not Applicable,8,Not Applicable,0,Non-Collision,6,Disabling Damage,6,Towed,1,Rollover/Overturn,0,No or Not Reported,72706,Harley-Davidson 750cc or greater,1,H,D,1,K,E,L,3,3,E,B,7,1,0,No,1,Yes,53,Washington,99207,99207,1,Full Driver License,6,Valid,0,No (CDL),0,No Endorsements required for this vehicle,3,Valid license for this class vehicle,3,"Restrictions, Compliance Unknown",80,80,260,260 lbs.,2,2,0,,0,,0,,0,,0,,0,,3,March,2022,2022,7,July,2022,2022,3,"Yes, Exceeded Speed Limit",3,"Two-Way,  Divided, Positive  Median Barrier",2,Two lanes,75,75 MPH,3,Curve Left,6,Downhill,2,"Blacktop, Bituminous, or Asphalt",1,Dry,40,Warning Sign,3,Device Functioning Properly,6,Passing or Overtaking Another Vehicle,13,Off the edge of the road on the right side,1,No Avoidance Maneuver,1,Tracking,4,Departed roadway,1,A1-Single Driver-Right Roadside Departure-Drive Off Road
30,Montana,300169,1,2,5,May,4,4,17,5:00pm-5:59pm,6,6,12,Motor Vehicle In-Transport,6,Angle,1,1,1,Motor Vehicle In-Transport (Inside or Outside the Trafficway),0,No,30,Montana,2,Driver (in this crash) Not Registered Owner (Other Private Owner Listed),JKBZXJC116A0,JKBZXJC116A0,2006,2006,510,Kawasaki,3173,Ninja ZX-6R,80,Motorcycle - Sport,73,Kawasaki,705,80,Two Wheel Motorcycle (excluding motor scooters),0,Not Applicable,11,"Class 1: 6,000 lbs. or less (2,722 kg or less)",11,"Class 1: 6,000 lbs. or less (2,722 kg or less)",0,No Trailers,7.78E+11,No Trailing Units,7.78E+11,No Trailing Units,7.78E+11,No Trailing Units,77,No Trailing Units,77,No Trailing Units,77,No Trailing Units,0,Not an Articulated Vehicle,0,Not Applicable,0,Not Applicable,0,Not Applicable,0,Not Applicable,0,Not Applicable (N/A),1,No,0,Not Applicable,0,Not Applicable,0,Not Applicable,0,Not Applicable,0,Not a Bus,0,No Special Use Noted,0,Not Applicable,998,Not Reported,7,Not Applicable,8,Not Applicable,8,Not Applicable,12,12 Clock Point,6,Disabling Damage,6,Towed,12,Motor Vehicle In-Transport,0,No or Not Reported,73705,Kawasaki 450-749cc,J,K,B,Z,X,J,C,1,1,6,A,0,1,0,No,1,Yes,30,Montana,59801,59801,1,Full Driver License,6,Valid,0,No (CDL),0,No Endorsements required for this vehicle,2,No valid license for this class vehicle,0,No Restrictions or Not Applicable,999,Unknown,999,Unknown,98,Crashes Not Reported on Driving Record,0,,0,,0,,0,,4,4,2,2,12,December,2022,2022,10,October,2023,2023,3,"Yes, Exceeded Speed Limit",1,"Two-Way, Not Divided",5,Five lanes,30,30 MPH,4,Curve - Unknown Direction,2,"Grade, Unknown Slope",2,"Blacktop, Bituminous, or Asphalt",1,Dry,0,No Controls,0,No Controls,14,Negotiating a Curve,6,Traveling Too Fast for Conditions or Road Configuration,16,Braking,2,Skidding longitudinally  rotation less than 30 degrees,2,"Stayed on roadway, but left original travel lane",64,"I64-Same Trafficway, Opposite Direction-Angle, Sideswipe-Lateral Move (Left/Right)"
30,Montana,300190,1,2,11,November,8,8,12,12:00pm-12:59pm,25,25,12,Motor Vehicle In-Transport,1,Front-to-Rear,1,1,1,Motor Vehicle In-Transport (Inside or Outside the Trafficway),0,No,30,Montana,1,Driver (in this crash) was Registered Owner,JKBZXJK12RA0,JKBZXJK12RA0,2024,2024,510,Kawasaki,3173,Ninja ZX-6R,80,Motorcycle - Sport,73,Kawasaki,705,80,Two Wheel Motorcycle (excluding motor scooters),0,Not Applicable,11,"Class 1: 6,000 lbs. or less (2,722 kg or less)",11,"Class 1: 6,000 lbs. or less (2,722 kg or less)",0,No Trailers,7.78E+11,No Trailing Units,7.78E+11,No Trailing Units,7.78E+11,No Trailing Units,77,No Trailing Units,77,No Trailing Units,77,No Trailing Units,0,Not an Articulated Vehicle,0,Not Applicable,0,Not Applicable,0,Not Applicable,0,Not Applicable,0,Not Applicable (N/A),1,No,0,Not Applicable,0,Not Applicable,0,Not Applicable,0,Not Applicable,0,Not a Bus,0,No Special Use Noted,0,Not Applicable,998,Not Reported,7,Not Applicable,8,Not Applicable,8,Not Applicable,12,12 Clock Point,6,Disabling Damage,6,Towed,12,Motor Vehicle In-Transport,0,No or Not Reported,73705,Kawasaki 450-749cc,J,K,B,Z,X,J,K,1,2,R,A,0,1,0,No,1,Yes,30,Montana,59901,59901,1,Full Driver License,6,Valid,0,No (CDL),0,No Endorsements required for this vehicle,3,Valid license for this class vehicle,0,No Restrictions or Not Applicable,999,Unknown,999,Unknown,98,Crashes Not Reported on Driving Record,0,,0,,0,,0,,0,,1,1,10,October,2021,2021,10,October,2021,2021,3,"Yes, Exceeded Speed Limit",2,"Two-Way, Divided, Unprotected Median",2,Two lanes,65,65 MPH,1,Straight,1,Level,2,"Blacktop, Bituminous, or Asphalt",1,Dry,0,No Controls,0,No Controls,1,Going Straight,51,Traveling in same direction with lower steady speed,99,Unknown/Not Reported,1,Tracking,1,Stayed in original travel lane,24,"D24-Same Trafficway, Same Direction-Rear End-Slower"
31,Nebraska,310019,1,2,2,February,2,2,19,7:00pm-7:59pm,7,7,12,Motor Vehicle In-Transport,6,Angle,1,1,1,Motor Vehicle In-Transport (Inside or Outside the Trafficway),0,No,31,Nebraska,1,Driver (in this crash) was Registered Owner,MLHRC7408J54,MLHRC7408J54,2018,2018,474,Honda,33511,CBR650F,80,Motorcycle - Sport,37,Honda,705,80,Two Wheel Motorcycle (excluding motor scooters),0,Not Applicable,11,"Class 1: 6,000 lbs. or less (2,722 kg or less)",11,"Class 1: 6,000 lbs. or less (2,722 kg or less)",0,No Trailers,7.78E+11,No Trailing Units,7.78E+11,No Trailing Units,7.78E+11,No Trailing Units,77,No Trailing Units,77,No Trailing Units,77,No Trailing Units,0,Not an Articulated Vehicle,0,Not Applicable,0,Not Applicable,0,Not Applicable,0,Not Applicable,0,Not Applicable (N/A),1,No,0,Not Applicable,0,Not Applicable,0,Not Applicable,0,Not Applicable,0,Not a Bus,0,No Special Use Noted,0,Not Applicable,998,Not Reported,7,Not Applicable,8,Not Applicable,8,Not Applicable,12,12 Clock Point,6,Disabling Damage,6,Towed,30,Utility Pole/Light Support,0,No or Not Reported,37705,Honda 450-749 cc,M,L,H,R,C,7,4,0,8,J,5,4,1,0,No,1,Yes,31,Nebraska,68521,68521,1,Full Driver License,6,Valid,0,No (CDL),0,No Endorsements required for this vehicle,3,Valid license for this class vehicle,3,"Restrictions, Compliance Unknown",71,71,150,150 lbs.,0,,0,,0,,0,,0,,0,,1,1,2,February,2023,2023,2,February,2023,2023,9,Reported as Unknown,3,"Two-Way,  Divided, Positive  Median Barrier",4,Four lanes,40,40 MPH,1,Straight,1,Level,2,"Blacktop, Bituminous, or Asphalt",1,Dry,3,Traffic control signal(on colors) not known whether or not Pedestrian Signal,3,Device Functioning Properly,1,Going Straight,60,From adjacent lane (same direction) over left lane line,10,Accelerating,9,Precrash stability unknown,1,Stayed in original travel lane,45,"F45-Same Trafficway, Same Direction-Angle, Sideswipe-Straight Ahead on Left/Right"
31,Nebraska,310037,1,1,3,March,17,17,14,2:00pm-2:59pm,0,0,35,Embankment,0,The First Harmful Event was Not a Collision with a Motor Vehicle in Transport,1,1,1,Motor Vehicle In-Transport (Inside or Outside the Trafficway),0,No,31,Nebraska,1,Driver (in this crash) was Registered Owner,WB10E6309P6G,WB10E6309P6G,2023,2023,452,BMW,1742,S 1000 RR,80,Motorcycle - Sport,34,BMW,706,80,Two Wheel Motorcycle (excluding motor scooters),0,Not Applicable,11,"Class 1: 6,000 lbs. or less (2,722 kg or less)",11,"Class 1: 6,000 lbs. or less (2,722 kg or less)",0,No Trailers,7.78E+11,No Trailing Units,7.78E+11,No Trailing Units,7.78E+11,No Trailing Units,77,No Trailing Units,77,No Trailing Units,77,No Trailing Units,0,Not an Articulated Vehicle,0,Not Applicable,0,Not Applicable,0,Not Applicable,0,Not Applicable,0,Not Applicable (N/A),1,No,0,Not Applicable,0,Not Applicable,0,Not Applicable,0,Not Applicable,0,Not a Bus,0,No Special Use Noted,0,Not Applicable,998,Not Reported,7,Not Applicable,8,Not Applicable,8,Not Applicable,12,12 Clock Point,6,Disabling Damage,6,Towed,35,Embankment,0,No or Not Reported,34706,BMW 750cc and over,W,B,1,0,E,6,3,0,9,P,6,G,1,0,No,1,Yes,31,Nebraska,69361,69361,1,Full Driver License,6,Valid,0,No (CDL),0,No Endorsements required for this vehicle,3,Valid license for this class vehicle,0,No Restrictions or Not Applicable,71,71,150,150 lbs.,0,,0,,0,,0,,0,,0,,0,,0,No Record,0,No Record,0,No Record,0,No Record,3,"Yes, Exceeded Speed Limit",1,"Two-Way, Not Divided",2,Two lanes,70,70 MPH,2,Curve Right,5,Uphill,2,"Blacktop, Bituminous, or Asphalt",1,Dry,0,No Controls,0,No Controls,14,Negotiating a Curve,12,Off the edge of the road on the left side,1,No Avoidance Maneuver,1,Tracking,4,Departed roadway,6,B6-Single Driver-Left Roadside Departure-Drive Off Road
31,Nebraska,310038,1,1,3,March,19,19,23,11:00pm-11:59pm,58,58,1,Rollover/Overturn,0,The First Harmful Event was Not a Collision with a Motor Vehicle in Transport,1,1,1,Motor Vehicle In-Transport (Inside or Outside the Trafficway),0,No,31,Nebraska,1,Driver (in this crash) was Registered Owner,1HD1PR8327Y9,1HD1PR8327Y9,2007,2007,3888,Harley-Davidson,11215,Screamin' Eagle Ultra Classic Electra Glide,81,Motorcycle - Touring / Sport Touring,72,Harley-Davidson,706,80,Two Wheel Motorcycle (excluding motor scooters),0,Not Applicable,11,"Class 1: 6,000 lbs. or less (2,722 kg or less)",11,"Class 1: 6,000 lbs. or less (2,722 kg or less)",0,No Trailers,7.78E+11,No Trailing Units,7.78E+11,No Trailing Units,7.78E+11,No Trailing Units,77,No Trailing Units,77,No Trailing Units,77,No Trailing Units,0,Not an Articulated Vehicle,0,Not Applicable,0,Not Applicable,0,Not Applicable,0,Not Applicable,0,Not Applicable (N/A),1,No,0,Not Applicable,0,Not Applicable,0,Not Applicable,0,Not Applicable,0,Not a Bus,0,No Special Use Noted,0,Not Applicable,998,Not Reported,7,Not Applicable,8,Not Applicable,8,Not Applicable,0,Non-Collision,4,Functional Damage,6,Towed,1,Rollover/Overturn,0,No or Not Reported,72706,Harley-Davidson 750cc or greater,1,H,D,1,P,R,8,3,2,7,Y,9,1,1,Yes,1,Yes,31,Nebraska,68781,68781,1,Full Driver License,6,Valid,0,No (CDL),0,No Endorsements required for this vehicle,3,Valid license for this class vehicle,0,No Restrictions or Not Applicable,72,72,200,200 lbs.,0,,0,,0,,0,,0,,0,,0,,0,No Record,0,No Record,0,No Record,0,No Record,3,"Yes, Exceeded Speed Limit",1,"Two-Way, Not Divided",2,Two lanes,25,25 MPH,1,Straight,1,Level,2,"Blacktop, Bituminous, or Asphalt",11,"Mud, Dirt or Gravel",0,No Controls,0,No Controls,1,Going Straight,6,Traveling Too Fast for Conditions or Road Configuration,16,Braking,5,"Skidding Laterally, Rotation Direction Unknown",4,Departed roadway,2,A2-Single Driver-Right Roadside Departure-Control/Traction Loss
31,Nebraska,310044,1,2,2,February,7,7,15,3:00pm-3:59pm,7,7,12,Motor Vehicle In-Transport,2,Front-to-Front,1,1,1,Motor Vehicle In-Transport (Inside or Outside the Trafficway),0,No,31,Nebraska,1,Driver (in this crash) was Registered Owner,1HD1FCW18YY6,1HD1FCW18YY6,2000,2000,3888,Harley-Davidson,8509,Electra Glide Ultra Classic,81,Motorcycle - Touring / Sport Touring,72,Harley-Davidson,706,80,Two Wheel Motorcycle (excluding motor scooters),0,Not Applicable,11,"Class 1: 6,000 lbs. or less (2,722 kg or less)",11,"Class 1: 6,000 lbs. or less (2,722 kg or less)",0,No Trailers,7.78E+11,No Trailing Units,7.78E+11,No Trailing Units,7.78E+11,No Trailing Units,77,No Trailing Units,77,No Trailing Units,77,No Trailing Units,0,Not an Articulated Vehicle,0,Not Applicable,0,Not Applicable,0,Not Applicable,0,Not Applicable,0,Not Applicable (N/A),1,No,0,Not Applicable,0,Not Applicable,0,Not Applicable,0,Not Applicable,0,Not a Bus,0,No Special Use Noted,0,Not Applicable,998,Not Reported,7,Not Applicable,8,Not Applicable,8,Not Applicable,12,12 Clock Point,6,Disabling Damage,6,Towed,12,Motor Vehicle In-Transport,0,No or Not Reported,72706,Harley-Davidson 750cc or greater,1,H,D,1,F,C,W,1,8,Y,Y,6,1,0,No,1,Yes,31,Nebraska,68776,68776,1,Full Driver License,6,Valid,3,Expired,0,No Endorsements required for this vehicle,3,Valid license for this class vehicle,3,"Restrictions, Compliance Unknown",71,71,215,215 lbs.,0,,0,,0,,0,,0,,0,,0,,0,No Record,0,No Record,0,No Record,0,No Record,0,No,1,"Two-Way, Not Divided",2,Two lanes,65,65 MPH,1,Straight,1,Level,2,"Blacktop, Bituminous, or Asphalt",1,Dry,0,No Controls,0,No Controls,1,Going Straight,62,From opposite direction  over left lane line,99,Unknown/Not Reported,9,Precrash stability unknown,1,Stayed in original travel lane,69,"J69-Changing Trafficway, Vehicle Turning-Turn Across Path-Initial Opposite Directions (Going Straight)"