STATE,STATENAME,ST_CASE,VEH_NO,VE_FORMS,MONTH,MONTHNAME,DAY,DAYNAME,HOUR,HOURNAME,MINUTE,MINUTENAME,HARM_EV,HARM_EVNAME,MAN_COLL,MAN_COLLNAME,NUMOCCS,NUMOCCSNAME,UNITTYPE,UNITTYPENAME,HIT_RUN,HIT_RUNNAME,REG_STAT,REG_STATNAME,OWNER,OWNERNAME,VIN,VINNAME,MOD_YEAR,MOD_YEARNAME,VPICMAKE,VPICMAKENAME,VPICMODEL,VPICMODELNAME,VPICBODYCLASS,VPICBODYCLASSNAME,MAKE,MAKENAME,MODEL,BODY_TYP,BODY_TYPNAME,ICFINALBODY,ICFINALBODYNAME,GVWR_FROM,GVWR_FROMNAME,GVWR_TO,GVWR_TONAME,TOW_VEH,TOW_VEHNAME,TRLR1VIN,TRLR1VINNAME,TRLR2VIN,TRLR2VINNAME,TRLR3VIN,TRLR3VINNAME,TRLR1GVWR,TRLR1GVWRNAME,TRLR2GVWR,TRLR2GVWRNAME,TRLR3GVWR,TRLR3GVWRNAME,J_KNIFE,J_KNIFENAME,MCARR_ID,MCARR_IDNAME,MCARR_I1,MCARR_I1NAME,MCARR_I2,MCARR_I2NAME,V_CONFIG,V_CONFIGNAME,CARGO_BT,CARGO_BTNAME,HAZ_INV,HAZ_INVNAME,HAZ_PLAC,HAZ_PLACNAME,HAZ_ID,HAZ_IDNAME,HAZ_CNO,HAZ_CNONAME,HAZ_REL,HAZ_RELNAME,BUS_USE,BUS_USENAME,SPEC_USE,SPEC_USENAME,EMER_USE,EMER_USENAME,TRAV_SP,TRAV_SPNAME,UNDEROVERRIDE,UNDEROVERRIDENAME,ROLLOVER,ROLLOVERNAME,ROLINLOC,ROLINLOCNAME,IMPACT1,IMPACT1NAME,DEFORMED,DEFORMEDNAME,TOWED,TOWEDNAME,M_HARM,M_HARMNAME,FIRE_EXP,FIRE_EXPNAME,MAK_MOD,MAK_MODNAME,VIN_1,VIN_2,VIN_3,VIN_4,VIN_5,VIN_6,VIN_7,VIN_8,VIN_9,VIN_10,VIN_11,VIN_12,DEATHS,DR_DRINK,DR_DRINKNAME,DR_PRES,DR_PRESNAME,L_STATE,L_STATENAME,DR_ZIP,DR_ZIPNAME,L_TYPE,L_TYPENAME,L_STATUS,L_STATUSNAME,CDL_STAT,CDL_STATNAME,L_ENDORS,L_ENDORSNAME,L_COMPL,L_COMPLNAME,L_RESTRI,L_RESTRINAME,DR_HGT,DR_HGTNAME,DR_WGT,DR_WGTNAME,PREV_ACC,PREV_ACCNAME,PREV_SUS1,PREV_SUS1NAME,PREV_SUS2,PREV_SUS2NAME,PREV_SUS3,PREV_SUS3NAME,PREV_DWI,PREV_DWINAME,PREV_SPD,PREV_SPDNAME,PREV_OTH,PREV_OTHNAME,FIRST_MO,FIRST_MONAME,FIRST_YR,FIRST_YRNAME,LAST_MO,LAST_MONAME,LAST_YR,LAST_YRNAME,SPEEDREL,SPEEDRELNAME,VTRAFWAY,VTRAFWAYNAME,VNUM_LAN,VNUM_LANNAME,VSPD_LIM,VSPD_LIMNAME,VALIGN,VALIGNNAME,VPROFILE,VPROFILENAME,VPAVETYP,VPAVETYPNAME,VSURCOND,VSURCONDNAME,VTRAFCON,VTRAFCONNAME,VTCONT_F,VTCONT_FNAME,P_CRASH1,P_CRASH1NAME,P_CRASH2,P_CRASH2NAME,P_CRASH3,P_CRASH3NAME,PCRASH4,PCRASH4NAME,PCRASH5,PCRASH5NAME,ACC_TYPE,ACC_TYPENAME
34,New Jersey,340428,1,2,9,September,12,12,17,5:00pm-5:59pm,53,53,12,Motor Vehicle In-Transport,6,Angle,1,1,1,Motor Vehicle In-Transport (Inside or Outside the Trafficway),0,No,34,New Jersey,1,Driver (in this crash) was Registered Owner,JH2SC7710KK2,JH2SC7710KK2,2019,2019,474,Honda,33515,CBR1000RR,80,Motorcycle - Sport,37,Honda,706,80,Two Wheel Motorcycle (excluding motor scooters),0,Not Applicable,11,"Class 1: 6,000 lbs. or less (2,722 kg or less)",11,"Class 1: 6,000 lbs. or less (2,722 kg or less)",0,No Trailers,7.78E+11,No Trailing Units,7.78E+11,No Trailing Units,7.78E+11,No Trailing Units,77,No Trailing Units,77,No Trailing Units,77,No Trailing Units,0,Not an Articulated Vehicle,0,Not Applicable,0,Not Applicable,0,Not Applicable,0,Not Applicable,0,Not Applicable (N/A),1,No,0,Not Applicable,0,Not Applicable,0,Not Applicable,0,Not Applicable,0,Not a Bus,0,No Special Use Noted,0,Not Applicable,998,Not Reported,7,Not Applicable,8,Not Applicable,8,Not Applicable,12,12 Clock Point,6,Disabling Damage,6,Towed,12,Motor Vehicle In-Transport,0,No or Not Reported,37706,Honda 750 cc or greater,J,H,2,S,C,7,7,1,0,K,K,2,1,0,No,1,Yes,34,New Jersey,8332,8332,1,Full Driver License,6,Valid,0,No (CDL),0,No Endorsements required for this vehicle,3,Valid license for this class vehicle,3,"Restrictions, Compliance Unknown",66,66,999,Unknown,0,,0,,0,,0,,0,,0,,0,,0,No Record,0,No Record,0,No Record,0,No Record,5,"Yes, Specifics Unknown",1,"Two-Way, Not Divided",2,Two lanes,40,40 MPH,1,Straight,1,Level,2,"Blacktop, Bituminous, or Asphalt",1,Dry,0,No Controls,0,No Controls,1,Going Straight,62,From opposite direction  over left lane line,99,Unknown/Not Reported,1,Tracking,1,Stayed in original travel lane,69,"J69-Changing Trafficway, Vehicle Turning-Turn Across Path-Initial Opposite Directions (Going Straight)"
34,New Jersey,340430,1,2,4,April,8,8,14,2:00pm-2:59pm,5,5,12,Motor Vehicle In-Transport,1,Front-to-Rear,1,1,1,Motor Vehicle In-Transport (Inside or Outside the Trafficway),0,No,34,New Jersey,1,Driver (in this crash) was Registered Owner,5VPGB36N0G30,5VPGB36N0G30,2016,2016,567,Victory,2914,Vegas,6,Motorcycle - Standard,77,Victory,706,80,Two Wheel Motorcycle (excluding motor scooters),0,Not Applicable,11,"Class 1: 6,000 lbs. or less (2,722 kg or less)",11,"Class 1: 6,000 lbs. or less (2,722 kg or less)",0,No Trailers,7.78E+11,No Trailing Units,7.78E+11,No Trailing Units,7.78E+11,No Trailing Units,77,No Trailing Units,77,No Trailing Units,77,No Trailing Units,0,Not an Articulated Vehicle,0,Not Applicable,0,Not Applicable,0,Not Applicable,0,Not Applicable,0,Not Applicable (N/A),1,No,0,Not Applicable,0,Not Applicable,0,Not Applicable,0,Not Applicable,0,Not a Bus,0,No Special Use Noted,0,Not Applicable,998,Not Reported,7,Not Applicable,8,Not Applicable,8,Not Applicable,12,12 Clock Point,4,Functional Damage,6,Towed,12,Motor Vehicle In-Transport,0,No or Not Reported,77706,Victory 750cc or greater,5,V,P,G,B,3,6,N,0,G,3,0,1,0,No,1,Yes,34,New Jersey,7724,7724,1,Full Driver License,6,Valid,0,No (CDL),0,No Endorsements required for this vehicle,3,Valid license for this class vehicle,0,No Restrictions or Not Applicable,69,69,999,Unknown,2,2,0,,0,,0,,0,,0,,1,1,4,April,2021,2021,7,July,2021,2021,0,No,2,"Two-Way, Divided, Unprotected Median",2,Two lanes,35,35 MPH,1,Straight,1,Level,2,"Blacktop, Bituminous, or Asphalt",1,Dry,0,No Controls,0,No Controls,1,Going Straight,50,Other vehicle stopped,1,No Avoidance Maneuver,1,Tracking,1,Stayed in original travel lane,98,M98-Other Crash Type
34,New Jersey,340437,2,2,3,March,13,13,14,2:00pm-2:59pm,0,0,12,Motor Vehicle In-Transport,6,Angle,2,2,1,Motor Vehicle In-Transport (Inside or Outside the Trafficway),0,No,34,New Jersey,2,Driver (in this crash) Not Registered Owner (Other Private Owner Listed),JYARJ16E09A0,JYARJ16E09A0,2009,2009,564,Yamaha,3211,YZF-R6,80,Motorcycle - Sport,76,Yamaha,705,80,Two Wheel Motorcycle (excluding motor scooters),0,Not Applicable,11,"Class 1: 6,000 lbs. or less (2,722 kg or less)",11,"Class 1: 6,000 lbs. or less (2,722 kg or less)",0,No Trailers,7.78E+11,No Trailing Units,7.78E+11,No Trailing Units,7.78E+11,No Trailing Units,77,No Trailing Units,77,No Trailing Units,77,No Trailing Units,0,Not an Articulated Vehicle,0,Not Applicable,0,Not Applicable,0,Not Applicable,0,Not Applicable,0,Not Applicable (N/A),1,No,0,Not Applicable,0,Not Applicable,0,Not Applicable,0,Not Applicable,0,Not a Bus,0,No Special Use Noted,0,Not Applicable,998,Not Reported,7,Not Applicable,8,Not Applicable,8,Not Applicable,12,12 Clock Point,6,Disabling Damage,6,Towed,12,Motor Vehicle In-Transport,0,No or Not Reported,76705,Yamaha 450-749cc,J,Y,A,R,J,1,6,E,0,9,A,0,1,0,No,1,Yes,34,New Jersey,7508,7508,2,Intermediate Driver License,6,Valid,0,No (CDL),0,No Endorsements required for this vehicle,2,No valid license for this class vehicle,3,"Restrictions, Compliance Unknown",72,72,999,Unknown,0,,0,,0,,0,,0,,0,,4,4,9,September,2023,2023,9,September,2023,2023,0,No,3,"Two-Way,  Divided, Positive  Median Barrier",3,Three lanes,50,50 MPH,1,Straight,1,Level,2,"Blacktop, Bituminous, or Asphalt",1,Dry,0,No Controls,0,No Controls,6,Passing or Overtaking Another Vehicle,60,From adjacent lane (same direction) over left lane line,99,Unknown/Not Reported,1,Tracking,5,Remained off roadway,71,"J71-Changing Trafficway, Vehicle Turning-Turn Across Path-Initial Same Directions (Going Straight)"
34,New Jersey,340443,1,1,5,May,26,26,10,10:00am-10:59am,56,56,30,Utility Pole/Light Support,0,The First Harmful Event was Not a Collision with a Motor Vehicle in Transport,1,1,1,Motor Vehicle In-Transport (Inside or Outside the Trafficway),0,No,34,New Jersey,2,Driver (in this crash) Not Registered Owner (Other Private Owner Listed),VBKEXP401GM4,VBKEXP401GM4,2016,2016,596,KTM,19158,Enduro Four-Stroke,85,Motorcycle - Dual Sport / Adventure / Supermoto / On/Off-road,98,Other Make,705,80,Two Wheel Motorcycle (excluding motor scooters),0,Not Applicable,11,"Class 1: 6,000 lbs. or less (2,722 kg or less)",11,"Class 1: 6,000 lbs. or less (2,722 kg or less)",0,No Trailers,7.78E+11,No Trailing Units,7.78E+11,No Trailing Units,7.78E+11,No Trailing Units,77,No Trailing Units,77,No Trailing Units,77,No Trailing Units,0,Not an Articulated Vehicle,0,Not Applicable,0,Not Applicable,0,Not Applicable,0,Not Applicable,0,Not Applicable (N/A),1,No,0,Not Applicable,0,Not Applicable,0,Not Applicable,0,Not Applicable,0,Not a Bus,0,No Special Use Noted,0,Not Applicable,998,Not Reported,7,Not Applicable,8,Not Applicable,8,Not Applicable,19,Other Objects or Person Set-In-Motion,2,Minor Damage,6,Towed,30,Utility Pole/Light Support,0,No or Not Reported,98705,Other Make 450-749cc,V,B,K,E,X,P,4,0,1,G,M,4,1,0,No,1,Yes,34,New Jersey,8889,8889,1,Full Driver License,6,Valid,0,No (CDL),0,No Endorsements required for this vehicle,3,Valid license for this class vehicle,0,No Restrictions or Not Applicable,68,68,999,Unknown,0,,0,,0,,1,1,0,,2,2,7,7,3,March,2022,2022,3,March,2024,2024,0,No,1,"Two-Way, Not Divided",2,Two lanes,50,50 MPH,1,Straight,1,Level,2,"Blacktop, Bituminous, or Asphalt",1,Dry,0,No Controls,0,No Controls,1,Going Straight,9,Unknown cause of control loss,99,Unknown/Not Reported,2,Skidding longitudinally  rotation less than 30 degrees,4,Departed roadway,2,A2-Single Driver-Right Roadside Departure-Control/Traction Loss
34,New Jersey,340444,1,1,10,October,3,3,18,6:00pm-6:59pm,12,12,42,Tree (Standing Only),0,The First Harmful Event was Not a Collision with a Motor Vehicle in Transport,1,1,1,Motor Vehicle In-Transport (Inside or Outside the Trafficway),0,No,34,New Jersey,1,Driver (in this crash) was Registered Owner,JS1GR7MA2R71,JS1GR7MA2R71,2024,2024,509,Suzuki,13163,GSX-R750,80,Motorcycle - Sport,53,Suzuki,706,80,Two Wheel Motorcycle (excluding motor scooters),0,Not Applicable,11,"Class 1: 6,000 lbs. or less (2,722 kg or less)",11,"Class 1: 6,000 lbs. or less (2,722 kg or less)",0,No Trailers,7.78E+11,No Trailing Units,7.78E+11,No Trailing Units,7.78E+11,No Trailing Units,77,No Trailing Units,77,No Trailing Units,77,No Trailing Units,0,Not an Articulated Vehicle,0,Not Applicable,0,Not Applicable,0,Not Applicable,0,Not Applicable,0,Not Applicable (N/A),1,No,0,Not Applicable,0,Not Applicable,0,Not Applicable,0,Not Applicable,0,Not a Bus,0,No Special Use Noted,0,Not Applicable,998,Not Reported,7,Not Applicable,8,Not Applicable,8,Not Applicable,12,12 Clock Point,6,Disabling Damage,6,Towed,42,Tree (Standing Only),0,No or Not Reported,53706,Suzuki 750cc-over,J,S,1,G,R,7,M,A,2,R,7,1,1,0,No,1,Yes,34,New Jersey,8724,8724,1,Full Driver License,6,Valid,0,No (CDL),0,No Endorsements required for this vehicle,3,Valid license for this class vehicle,3,"Restrictions, Compliance Unknown",71,71,125,125 lbs.,0,,0,,0,,0,,0,,0,,0,,0,No Record,0,No Record,0,No Record,0,No Record,0,No,1,"Two-Way, Not Divided",2,Two lanes,55,55 MPH,1,Straight,1,Level,2,"Blacktop, Bituminous, or Asphalt",1,Dry,0,No Controls,0,No Controls,1,Going Straight,8,Other cause of control loss (specify:),99,Unknown/Not Reported,1,Tracking,4,Departed roadway,2,A2-Single Driver-Right Roadside Departure-Control/Traction Loss
34,New Jersey,340458,1,4,7,July,28,28,20,8:00pm-8:59pm,13,13,12,Motor Vehicle In-Transport,7,Sideswipe - Same Direction,1,1,1,Motor Vehicle In-Transport (Inside or Outside the Trafficway),0,No,34,New Jersey,0,"Not Applicable, Vehicle Not Registered",JYARN53E7LA0,JYARN53E7LA0,2020,2020,564,Yamaha,28330,MTN850 (MT-09),80,Motorcycle - Sport,76,Yamaha,706,80,Two Wheel Motorcycle (excluding motor scooters),0,Not Applicable,11,"Class 1: 6,000 lbs. or less (2,722 kg or less)",11,"Class 1: 6,000 lbs. or less (2,722 kg or less)",0,No Trailers,7.78E+11,No Trailing Units,7.78E+11,No Trailing Units,7.78E+11,No Trailing Units,77,No Trailing Units,77,No Trailing Units,77,No Trailing Units,0,Not an Articulated Vehicle,0,Not Applicable,0,Not Applicable,0,Not Applicable,0,Not Applicable,0,Not Applicable (N/A),1,No,0,Not Applicable,0,Not Applicable,0,Not Applicable,0,Not Applicable,0,Not a Bus,0,No Special Use Noted,0,Not Applicable,998,Not Reported,7,Not Applicable,8,Not Applicable,8,Not Applicable,9,9 Clock Point,6,Disabling Damage,6,Towed,12,Motor Vehicle In-Transport,0,No or Not Reported,76706,Yamaha 750cc or greater,J,Y,A,R,N,5,3,E,7,L,A,0,1,0,No,1,Yes,34,New Jersey,7109,7109,1,Full Driver License,6,Valid,0,No (CDL),0,No Endorsements required for this vehicle,2,No valid license for this class vehicle,0,No Restrictions or Not Applicable,66,66,999,Unknown,2,2,0,,0,,0,,0,,0,,3,3,6,June,2020,2020,5,May,2023,2023,5,"Yes, Specifics Unknown",7,"Two-Way Divided, Unknown if Unprotected Median or Positive Median Barrier",8,Not Reported,50,50 MPH,1,Straight,5,Uphill,2,"Blacktop, Bituminous, or Asphalt",1,Dry,0,No Controls,0,No Controls,15,Changing Lanes,10,Over the lane line on left side of travel lane,99,Unknown/Not Reported,1,Tracking,2,"Stayed on roadway, but left original travel lane",47,"F47-Same Trafficway, Same Direction-Angle, Sideswipe-Changing Lanes to the Left"
34,New Jersey,340458,2,4,7,July,28,28,20,8:00pm-8:59pm,13,13,12,Motor Vehicle In-Transport,7,Sideswipe - Same Direction,1,1,1,Motor Vehicle In-Transport (Inside or Outside the Trafficway),0,No,34,New Jersey,0,"Not Applicable, Vehicle Not Registered",JYARJ16E58A0,JYARJ16E58A0,2008,2008,564,Yamaha,3211,YZF-R6,80,Motorcycle - Sport,76,Yamaha,705,80,Two Wheel Motorcycle (excluding motor scooters),0,Not Applicable,11,"Class 1: 6,000 lbs. or less (2,722 kg or less)",11,"Class 1: 6,000 lbs. or less (2,722 kg or less)",0,No Trailers,7.78E+11,No Trailing Units,7.78E+11,No Trailing Units,7.78E+11,No Trailing Units,77,No Trailing Units,77,No Trailing Units,77,No Trailing Units,0,Not an Articulated Vehicle,0,Not Applicable,0,Not Applicable,0,Not Applicable,0,Not Applicable,0,Not Applicable (N/A),1,No,0,Not Applicable,0,Not Applicable,0,Not Applicable,0,Not Applicable,0,Not a Bus,0,No Special Use Noted,0,Not Applicable,998,Not Reported,7,Not Applicable,8,Not Applicable,8,Not Applicable,3,3 Clock Point,6,Disabling Damage,6,Towed,12,Motor Vehicle In-Transport,0,No or Not Reported,76705,Yamaha 450-749cc,J,Y,A,R,J,1,6,E,5,8,A,0,0,0,No,1,Yes,36,New York,11420,11420,0,Not Licensed,0,Not licensed,0,No (CDL),0,No Endorsements required for this vehicle,0,Not licensed,0,No Restrictions or Not Applicable,999,Unknown,999,Unknown,99,Unknown,99,Unknown,99,Unknown,99,Unknown,99,Unknown,99,Unknown,99,Unknown,99,Unknown,9999,Unknown,99,Unknown,9999,Unknown,2,"Yes, Racing",7,"Two-Way Divided, Unknown if Unprotected Median or Positive Median Barrier",8,Not Reported,50,50 MPH,1,Straight,5,Uphill,2,"Blacktop, Bituminous, or Asphalt",1,Dry,0,No Controls,0,No Controls,1,Going Straight,61,From adjacent lane (same direction) over right lane line,99,Unknown/Not Reported,1,Tracking,1,Stayed in original travel lane,45,"F45-Same Trafficway, Same Direction-Angle, Sideswipe-Straight Ahead on Left/Right"
34,New Jersey,340468,2,3,9,September,12,12,20,8:00pm-8:59pm,42,42,12,Motor Vehicle In-Transport,2,Front-to-Front,1,1,1,Motor Vehicle In-Transport (Inside or Outside the Trafficway),0,No,34,New Jersey,1,Driver (in this crash) was Registered Owner,JKBZXJK15RA0,JKBZXJK15RA0,2024,2024,510,Kawasaki,3173,Ninja ZX-6R,80,Motorcycle - Sport,73,Kawasaki,705,80,Two Wheel Motorcycle (excluding motor scooters),0,Not Applicable,11,"Class 1: 6,000 lbs. or less (2,722 kg or less)",11,"Class 1: 6,000 lbs. or less (2,722 kg or less)",0,No Trailers,7.78E+11,No Trailing Units,7.78E+11,No Trailing Units,7.78E+11,No Trailing Units,77,No Trailing Units,77,No Trailing Units,77,No Trailing Units,0,Not an Articulated Vehicle,0,Not Applicable,0,Not Applicable,0,Not Applicable,0,Not Applicable,0,Not Applicable (N/A),1,No,0,Not Applicable,0,Not Applicable,0,Not Applicable,0,Not Applicable,0,Not a Bus,0,No Special Use Noted,0,Not Applicable,998,Not Reported,7,Not Applicable,8,Not Applicable,8,Not Applicable,12,12 Clock Point,6,Disabling Damage,6,Towed,12,Motor Vehicle In-Transport,0,No or Not Reported,73705,Kawasaki 450-749cc,J,K,B,Z,X,J,K,1,5,R,A,0,1,0,No,1,Yes,34,New Jersey,8701,8701,1,Full Driver License,6,Valid,0,No (CDL),0,No Endorsements required for this vehicle,3,Valid license for this class vehicle,0,No Restrictions or Not Applicable,69,69,999,Unknown,0,,0,,0,,0,,0,,2,2,1,1,12,December,2022,2022,10,October,2023,2023,0,No,1,"Two-Way, Not Divided",3,Three lanes,40,40 MPH,1,Straight,1,Level,2,"Blacktop, Bituminous, or Asphalt",1,Dry,0,No Controls,0,No Controls,1,Going Straight,62,From opposite direction  over left lane line,7,Steering right,1,Tracking,1,Stayed in original travel lane,69,"J69-Changing Trafficway, Vehicle Turning-Turn Across Path-Initial Opposite Directions (Going Straight)"
34,New Jersey,340474,1,1,10,October,28,28,20,8:00pm-8:59pm,2,2,1,Rollover/Overturn,0,The First Harmful Event was Not a Collision with a Motor Vehicle in Transport,1,1,1,Motor Vehicle In-Transport (Inside or Outside the Trafficway),0,No,34,New Jersey,1,Driver (in this crash) was Registered Owner,VBKLSV407PM7,VBKLSV407PM7,2023,2023,596,KTM,26522,690 SMC,85,Motorcycle - Dual Sport / Adventure / Supermoto / On/Off-road,98,Other Make,705,80,Two Wheel Motorcycle (excluding motor scooters),0,Not Applicable,11,"Class 1: 6,000 lbs. or less (2,722 kg or less)",11,"Class 1: 6,000 lbs. or less (2,722 kg or less)",0,No Trailers,7.78E+11,No Trailing Units,7.78E+11,No Trailing Units,7.78E+11,No Trailing Units,77,No Trailing Units,77,No Trailing Units,77,No Trailing Units,0,Not an Articulated Vehicle,0,Not Applicable,0,Not Applicable,0,Not Applicable,0,Not Applicable,0,Not Applicable (N/A),1,No,0,Not Applicable,0,Not Applicable,0,Not Applicable,0,Not Applicable,0,Not a Bus,0,No Special Use Noted,0,Not Applicable,998,Not Reported,7,Not Applicable,8,Not Applicable,8,Not Applicable,0,Non-Collision,6,Disabling Damage,6,Towed,1,Rollover/Overturn,0,No or Not Reported,98705,Other Make 450-749cc,V,B,K,L,S,V,4,0,7,P,M,7,1,0,No,1,Yes,34,New Jersey,7104,7104,1,Full Driver License,6,Valid,0,No (CDL),0,No Endorsements required for this vehicle,2,No valid license for this class vehicle,0,No Restrictions or Not Applicable,70,70,999,Unknown,1,1,0,,0,,1,1,0,,0,,2,2,5,May,2021,2021,5,May,2022,2022,0,No,2,"Two-Way, Divided, Unprotected Median",2,Two lanes,45,45 MPH,1,Straight,1,Level,2,"Blacktop, Bituminous, or Asphalt",1,Dry,0,No Controls,0,No Controls,1,Going Straight,4,"Non-disabling vehicle problem (e.g., hood flew up)(specify:)",99,Unknown/Not Reported,2,Skidding longitudinally  rotation less than 30 degrees,3,"Stayed on roadway, not known if left original travel lane",98,M98-Other Crash Type
34,New Jersey,340475,1,2,11,November,6,6,11,11:00am-11:59am,49,49,12,Motor Vehicle In-Transport,1,Front-to-Rear,1,1,1,Motor Vehicle In-Transport (Inside or Outside the Trafficway),0,No,34,New Jersey,1,Driver (in this crash) was Registered Owner,JKBZXJG11PA0,JKBZXJG11PA0,2023,2023,510,Kawasaki,3173,Ninja ZX-6R,80,Motorcycle - Sport,73,Kawasaki,705,80,Two Wheel Motorcycle (excluding motor scooters),0,Not Applicable,11,"Class 1: 6,000 lbs. or less (2,722 kg or less)",11,"Class 1: 6,000 lbs. or less (2,722 kg or less)",0,No Trailers,7.78E+11,No Trailing Units,7.78E+11,No Trailing Units,7.78E+11,No Trailing Units,77,No Trailing Units,77,No Trailing Units,77,No Trailing Units,0,Not an Articulated Vehicle,0,Not Applicable,0,Not Applicable,0,Not Applicable,0,Not Applicable,0,Not Applicable (N/A),1,No,0,Not Applicable,0,Not Applicable,0,Not Applicable,0,Not Applicable,0,Not a Bus,0,No Special Use Noted,0,Not Applicable,998,Not Reported,7,Not Applicable,8,Not Applicable,8,Not Applicable,12,12 Clock Point,6,Disabling Damage,6,Towed,12,Motor Vehicle In-Transport,0,No or Not Reported,73705,Kawasaki 450-749cc,J,K,B,Z,X,J,G,1,1,P,A,0,1,0,No,1,Yes,34,New Jersey,8332,8332,1,Full Driver License,6,Valid,0,No (CDL),0,No Endorsements required for this vehicle,3,Valid license for this class vehicle,3,"Restrictions, Compliance Unknown",72,72,172,172 lbs.,3,3,0,,0,,1,1,0,,0,,7,7,9,September,2020,2020,2,February,2023,2023,0,No,3,"Two-Way,  Divided, Positive  Median Barrier",3,Three lanes,65,65 MPH,1,Straight,1,Level,2,"Blacktop, Bituminous, or Asphalt",1,Dry,0,No Controls,0,No Controls,1,Going Straight,51,Traveling in same direction with lower steady speed,99,Unknown/Not Reported,1,Tracking,1,Stayed in original travel lane,24,"D24-Same Trafficway, Same Direction-Rear End-Slower"
34,New Jersey,340478,1,2,11,November,6,6,15,3:00pm-3:59pm,8,8,12,Motor Vehicle In-Transport,6,Angle,1,1,1,Motor Vehicle In-Transport (Inside or Outside the Trafficway),0,No,34,New Jersey,1,Driver (in this crash) was Registered Owner,JH2SC35073M6,JH2SC35073M6,2003,2003,474,Honda,3521,CBR1100XX,80,Motorcycle - Sport,37,Honda,706,80,Two Wheel Motorcycle (excluding motor scooters),0,Not Applicable,11,"Class 1: 6,000 lbs. or less (2,722 kg or less)",11,"Class 1: 6,000 lbs. or less (2,722 kg or less)",0,No Trailers,7.78E+11,No Trailing Units,7.78E+11,No Trailing Units,7.78E+11,No Trailing Units,77,No Trailing Units,77,No Trailing Units,77,No Trailing Units,0,Not an Articulated Vehicle,0,Not Applicable,0,Not Applicable,0,Not Applicable,0,Not Applicable,0,Not Applicable (N/A),1,No,0,Not Applicable,0,Not Applicable,0,Not Applicable,0,Not Applicable,0,Not a Bus,0,No Special Use Noted,0,Not Applicable,85,085 MPH,7,Not Applicable,8,Not Applicable,8,Not Applicable,12,12 Clock Point,6,Disabling Damage,6,Towed,12,Motor Vehicle In-Transport,0,No or Not Reported,37706,Honda 750 cc or greater,J,H,2,S,C,3,5,0,7,3,M,6,1,0,No,1,Yes,34,New Jersey,7920,7920,1,Full Driver License,6,Valid,0,No (CDL),0,No Endorsements required for this vehicle,3,Valid license for this class vehicle,0,No Restrictions or Not Applicable,71,71,999,Unknown,3,3,0,,0,,0,,0,,0,,3,3,1,January,2021,2021,3,March,2024,2024,5,"Yes, Specifics Unknown",2,"Two-Way, Divided, Unprotected Median",2,Two lanes,55,55 MPH,1,Straight,5,Uphill,2,"Blacktop, Bituminous, or Asphalt",1,Dry,0,No Controls,0,No Controls,6,Passing or Overtaking Another Vehicle,62,From opposite direction  over left lane line,16,Braking,2,Skidding longitudinally  rotation less than 30 degrees,3,"Stayed on roadway, not known if left original travel lane",69,"J69-Changing Trafficway, Vehicle Turning-Turn Across Path-Initial Opposite Directions (Going Straight)"
34,New Jersey,340480,1,1,10,October,12,12,0,0:00am-0:59am,12,12,1,Rollover/Overturn,0,The First Harmful Event was Not a Collision with a Motor Vehicle in Transport,1,1,1,Motor Vehicle In-Transport (Inside or Outside the Trafficway),0,No,0,Not Applicable,0,"Not Applicable, Vehicle Not Registered",HZ2TBCND2P10,HZ2TBCND2P10,2023,2023,11787,ZHILONG,30444,BWS,12,Motorcycle - Scooter,98,Other Make,703,84,Motor Scooter,0,Not Applicable,11,"Class 1: 6,000 lbs. or less (2,722 kg or less)",11,"Class 1: 6,000 lbs. or less (2,722 kg or less)",0,No Trailers,7.78E+11,No Trailing Units,7.78E+11,No Trailing Units,7.78E+11,No Trailing Units,77,No Trailing Units,77,No Trailing Units,77,No Trailing Units,0,Not an Articulated Vehicle,0,Not Applicable,0,Not Applicable,0,Not Applicable,0,Not Applicable,0,Not Applicable (N/A),1,No,0,Not Applicable,0,Not Applicable,0,Not Applicable,0,Not Applicable,0,Not a Bus,0,No Special Use Noted,0,Not Applicable,998,Not Reported,7,Not Applicable,8,Not Applicable,8,Not Applicable,0,Non-Collision,2,Minor Damage,6,Towed,1,Rollover/Overturn,0,No or Not Reported,98703,Other Make 125-349cc,H,Z,2,T,B,C,N,D,2,P,1,0,1,0,No,1,Yes,34,New Jersey,7017,7017,1,Full Driver License,6,Valid,0,No (CDL),0,No Endorsements required for this vehicle,9,Unknown,0,No Restrictions or Not Applicable,71,71,999,Unknown,0,,0,,0,,0,,0,,0,,0,,0,No Record,0,No Record,0,No Record,0,No Record,0,No,3,"Two-Way,  Divided, Positive  Median Barrier",6,Six lanes,55,55 MPH,1,Straight,1,Level,2,"Blacktop, Bituminous, or Asphalt",1,Dry,0,No Controls,0,No Controls,1,Going Straight,9,Unknown cause of control loss,99,Unknown/Not Reported,9,Precrash stability unknown,9,Unknown,98,M98-Other Crash Type