STATE,STATENAME,ST_CASE,VEH_NO,VE_FORMS,MONTH,MONTHNAME,DAY,DAYNAME,HOUR,HOURNAME,MINUTE,MINUTENAME,HARM_EV,HARM_EVNAME,MAN_COLL,MAN_COLLNAME,NUMOCCS,NUMOCCSNAME,UNITTYPE,UNITTYPENAME,HIT_RUN,HIT_RUNNAME,REG_STAT,REG_STATNAME,OWNER,OWNERNAME,VIN,VINNAME,MOD_YEAR,MOD_YEARNAME,VPICMAKE,VPICMAKENAME,VPICMODEL,VPICMODELNAME,VPICBODYCLASS,VPICBODYCLASSNAME,MAKE,MAKENAME,MODEL,BODY_TYP,BODY_TYPNAME,ICFINALBODY,ICFINALBODYNAME,GVWR_FROM,GVWR_FROMNAME,GVWR_TO,GVWR_TONAME,TOW_VEH,TOW_VEHNAME,TRLR1VIN,TRLR1VINNAME,TRLR2VIN,TRLR2VINNAME,TRLR3VIN,TRLR3VINNAME,TRLR1GVWR,TRLR1GVWRNAME,TRLR2GVWR,TRLR2GVWRNAME,TRLR3GVWR,TRLR3GVWRNAME,J_KNIFE,J_KNIFENAME,MCARR_ID,MCARR_IDNAME,MCARR_I1,MCARR_I1NAME,MCARR_I2,MCARR_I2NAME,V_CONFIG,V_CONFIGNAME,CARGO_BT,CARGO_BTNAME,HAZ_INV,HAZ_INVNAME,HAZ_PLAC,HAZ_PLACNAME,HAZ_ID,HAZ_IDNAME,HAZ_CNO,HAZ_CNONAME,HAZ_REL,HAZ_RELNAME,BUS_USE,BUS_USENAME,SPEC_USE,SPEC_USENAME,EMER_USE,EMER_USENAME,TRAV_SP,TRAV_SPNAME,UNDEROVERRIDE,UNDEROVERRIDENAME,ROLLOVER,ROLLOVERNAME,ROLINLOC,ROLINLOCNAME,IMPACT1,IMPACT1NAME,DEFORMED,DEFORMEDNAME,TOWED,TOWEDNAME,M_HARM,M_HARMNAME,FIRE_EXP,FIRE_EXPNAME,MAK_MOD,MAK_MODNAME,VIN_1,VIN_2,VIN_3,VIN_4,VIN_5,VIN_6,VIN_7,VIN_8,VIN_9,VIN_10,VIN_11,VIN_12,DEATHS,DR_DRINK,DR_DRINKNAME,DR_PRES,DR_PRESNAME,L_STATE,L_STATENAME,DR_ZIP,DR_ZIPNAME,L_TYPE,L_TYPENAME,L_STATUS,L_STATUSNAME,CDL_STAT,CDL_STATNAME,L_ENDORS,L_ENDORSNAME,L_COMPL,L_COMPLNAME,L_RESTRI,L_RESTRINAME,DR_HGT,DR_HGTNAME,DR_WGT,DR_WGTNAME,PREV_ACC,PREV_ACCNAME,PREV_SUS1,PREV_SUS1NAME,PREV_SUS2,PREV_SUS2NAME,PREV_SUS3,PREV_SUS3NAME,PREV_DWI,PREV_DWINAME,PREV_SPD,PREV_SPDNAME,PREV_OTH,PREV_OTHNAME,FIRST_MO,FIRST_MONAME,FIRST_YR,FIRST_YRNAME,LAST_MO,LAST_MONAME,LAST_YR,LAST_YRNAME,SPEEDREL,SPEEDRELNAME,VTRAFWAY,VTRAFWAYNAME,VNUM_LAN,VNUM_LANNAME,VSPD_LIM,VSPD_LIMNAME,VALIGN,VALIGNNAME,VPROFILE,VPROFILENAME,VPAVETYP,VPAVETYPNAME,VSURCOND,VSURCONDNAME,VTRAFCON,VTRAFCONNAME,VTCONT_F,VTCONT_FNAME,P_CRASH1,P_CRASH1NAME,P_CRASH2,P_CRASH2NAME,P_CRASH3,P_CRASH3NAME,PCRASH4,PCRASH4NAME,PCRASH5,PCRASH5NAME,ACC_TYPE,ACC_TYPENAME
47,Tennessee,470693,2,2,8,August,10,10,99,Unknown Hours,99,Unknown Minutes,12,Motor Vehicle In-Transport,6,Angle,1,1,1,Motor Vehicle In-Transport (Inside or Outside the Trafficway),0,No,47,Tennessee,1,Driver (in this crash) was Registered Owner,1HD1FBC17KB6,1HD1FBC17KB6,2019,2019,3888,Harley-Davidson,12621,FLHR / Road King,81,Motorcycle - Touring / Sport Touring,72,Harley-Davidson,706,80,Two Wheel Motorcycle (excluding motor scooters),0,Not Applicable,11,"Class 1: 6,000 lbs. or less (2,722 kg or less)",11,"Class 1: 6,000 lbs. or less (2,722 kg or less)",0,No Trailers,7.78E+11,No Trailing Units,7.78E+11,No Trailing Units,7.78E+11,No Trailing Units,77,No Trailing Units,77,No Trailing Units,77,No Trailing Units,0,Not an Articulated Vehicle,0,Not Applicable,0,Not Applicable,0,Not Applicable,0,Not Applicable,0,Not Applicable (N/A),1,No,0,Not Applicable,0,Not Applicable,0,Not Applicable,0,Not Applicable,0,Not a Bus,0,No Special Use Noted,0,Not Applicable,998,Not Reported,7,Not Applicable,8,Not Applicable,8,Not Applicable,12,12 Clock Point,6,Disabling Damage,6,Towed,12,Motor Vehicle In-Transport,0,No or Not Reported,72706,Harley-Davidson 750cc or greater,1,H,D,1,F,B,C,1,7,K,B,6,1,0,No,1,Yes,47,Tennessee,37687,37687,1,Full Driver License,6,Valid,6,Valid,0,No Endorsements required for this vehicle,3,Valid license for this class vehicle,0,No Restrictions or Not Applicable,73,73,275,275 lbs.,1,1,0,,0,,0,,0,,0,,0,,8,August,2020,2020,8,August,2020,2020,0,No,5,"Two-Way, Not Divided With a Continuous Left-Turn Lane",3,Three lanes,45,45 MPH,1,Straight,1,Level,2,"Blacktop, Bituminous, or Asphalt",1,Dry,0,No Controls,0,No Controls,1,Going Straight,62,From opposite direction  over left lane line,99,Unknown/Not Reported,1,Tracking,1,Stayed in original travel lane,69,"J69-Changing Trafficway, Vehicle Turning-Turn Across Path-Initial Opposite Directions (Going Straight)"
47,Tennessee,470698,1,1,8,August,24,24,9,9:00am-9:59am,39,39,1,Rollover/Overturn,0,The First Harmful Event was Not a Collision with a Motor Vehicle in Transport,1,1,1,Motor Vehicle In-Transport (Inside or Outside the Trafficway),0,No,47,Tennessee,1,Driver (in this crash) was Registered Owner,1HFSC43065A5,1HFSC43065A5,2005,2005,474,Honda,12225,VT1100C2 (SHADOW SABRE),94,Motorcycle - Custom,37,Honda,706,80,Two Wheel Motorcycle (excluding motor scooters),0,Not Applicable,11,"Class 1: 6,000 lbs. or less (2,722 kg or less)",11,"Class 1: 6,000 lbs. or less (2,722 kg or less)",0,No Trailers,7.78E+11,No Trailing Units,7.78E+11,No Trailing Units,7.78E+11,No Trailing Units,77,No Trailing Units,77,No Trailing Units,77,No Trailing Units,0,Not an Articulated Vehicle,0,Not Applicable,0,Not Applicable,0,Not Applicable,0,Not Applicable,0,Not Applicable (N/A),1,No,0,Not Applicable,0,Not Applicable,0,Not Applicable,0,Not Applicable,0,Not a Bus,0,No Special Use Noted,0,Not Applicable,998,Not Reported,7,Not Applicable,8,Not Applicable,8,Not Applicable,0,Non-Collision,4,Functional Damage,6,Towed,38,Fence,0,No or Not Reported,37706,Honda 750 cc or greater,1,H,F,S,C,4,3,0,6,5,A,5,1,1,Yes,1,Yes,47,Tennessee,38583,38583,1,Full Driver License,6,Valid,0,No (CDL),0,No Endorsements required for this vehicle,3,Valid license for this class vehicle,1,Restrictions Complied With,70,70,165,165 lbs.,1,1,0,,0,,0,,0,,0,,0,,4,April,2022,2022,4,April,2022,2022,0,No,1,"Two-Way, Not Divided",2,Two lanes,35,35 MPH,1,Straight,1,Level,2,"Blacktop, Bituminous, or Asphalt",1,Dry,20,Stop Sign,3,Device Functioning Properly,1,Going Straight,9,Unknown cause of control loss,99,Unknown/Not Reported,9,Precrash stability unknown,2,"Stayed on roadway, but left original travel lane",98,M98-Other Crash Type
47,Tennessee,470700,1,2,8,August,24,24,22,10:00pm-10:59pm,8,8,12,Motor Vehicle In-Transport,6,Angle,2,2,1,Motor Vehicle In-Transport (Inside or Outside the Trafficway),0,No,47,Tennessee,2,Driver (in this crash) Not Registered Owner (Other Private Owner Listed),JS1GT75A3421,JS1GT75A3421,2004,2004,509,Suzuki,13236,GSX-R1000K,80,Motorcycle - Sport,53,Suzuki,706,80,Two Wheel Motorcycle (excluding motor scooters),0,Not Applicable,11,"Class 1: 6,000 lbs. or less (2,722 kg or less)",11,"Class 1: 6,000 lbs. or less (2,722 kg or less)",0,No Trailers,7.78E+11,No Trailing Units,7.78E+11,No Trailing Units,7.78E+11,No Trailing Units,77,No Trailing Units,77,No Trailing Units,77,No Trailing Units,0,Not an Articulated Vehicle,0,Not Applicable,0,Not Applicable,0,Not Applicable,0,Not Applicable,0,Not Applicable (N/A),1,No,0,Not Applicable,0,Not Applicable,0,Not Applicable,0,Not Applicable,0,Not a Bus,0,No Special Use Noted,0,Not Applicable,998,Not Reported,7,Not Applicable,8,Not Applicable,8,Not Applicable,12,12 Clock Point,6,Disabling Damage,6,Towed,12,Motor Vehicle In-Transport,0,No or Not Reported,53706,Suzuki 750cc-over,J,S,1,G,T,7,5,A,3,4,2,1,1,0,No,1,Yes,47,Tennessee,37216,37216,1,Full Driver License,3,Expired,0,No (CDL),0,No Endorsements required for this vehicle,2,No valid license for this class vehicle,0,No Restrictions or Not Applicable,68,68,155,155 lbs.,0,,0,,0,,0,,0,,2,2,1,1,3,March,2023,2023,3,March,2024,2024,3,"Yes, Exceeded Speed Limit",2,"Two-Way, Divided, Unprotected Median",4,Four lanes,45,45 MPH,1,Straight,1,Level,2,"Blacktop, Bituminous, or Asphalt",1,Dry,0,No Controls,0,No Controls,1,Going Straight,17,Crossing Over (Passing Through) Junction,99,Unknown/Not Reported,1,Tracking,1,Stayed in original travel lane,69,"J69-Changing Trafficway, Vehicle Turning-Turn Across Path-Initial Opposite Directions (Going Straight)"
47,Tennessee,470702,1,2,8,August,22,22,18,6:00pm-6:59pm,34,34,12,Motor Vehicle In-Transport,2,Front-to-Front,1,1,1,Motor Vehicle In-Transport (Inside or Outside the Trafficway),0,No,47,Tennessee,2,Driver (in this crash) Not Registered Owner (Other Private Owner Listed),JYARM38E0NA0,JYARM38E0NA0,2022,2022,564,Yamaha,29670,YZF690,80,Motorcycle - Sport,76,Yamaha,705,80,Two Wheel Motorcycle (excluding motor scooters),0,Not Applicable,11,"Class 1: 6,000 lbs. or less (2,722 kg or less)",11,"Class 1: 6,000 lbs. or less (2,722 kg or less)",0,No Trailers,7.78E+11,No Trailing Units,7.78E+11,No Trailing Units,7.78E+11,No Trailing Units,77,No Trailing Units,77,No Trailing Units,77,No Trailing Units,0,Not an Articulated Vehicle,0,Not Applicable,0,Not Applicable,0,Not Applicable,0,Not Applicable,0,Not Applicable (N/A),1,No,0,Not Applicable,0,Not Applicable,0,Not Applicable,0,Not Applicable,0,Not a Bus,0,No Special Use Noted,0,Not Applicable,998,Not Reported,7,Not Applicable,8,Not Applicable,8,Not Applicable,12,12 Clock Point,6,Disabling Damage,6,Towed,12,Motor Vehicle In-Transport,0,No or Not Reported,76705,Yamaha 450-749cc,J,Y,A,R,M,3,8,E,0,N,A,0,1,0,No,1,Yes,47,Tennessee,37040,37040,1,Full Driver License,6,Valid,6,Valid,0,No Endorsements required for this vehicle,3,Valid license for this class vehicle,0,No Restrictions or Not Applicable,75,75,245,245 lbs.,1,1,0,,0,,0,,0,,0,,0,,12,December,2019,2019,12,December,2019,2019,3,"Yes, Exceeded Speed Limit",5,"Two-Way, Not Divided With a Continuous Left-Turn Lane",5,Five lanes,45,45 MPH,3,Curve Left,1,Level,2,"Blacktop, Bituminous, or Asphalt",1,Dry,0,No Controls,0,No Controls,14,Negotiating a Curve,10,Over the lane line on left side of travel lane,99,Unknown/Not Reported,1,Tracking,2,"Stayed on roadway, but left original travel lane",50,"G50-Same Trafficway, Opposite Direction-Head-On-Lateral Move (Left/Right)"
47,Tennessee,470718,1,1,7,July,18,18,14,2:00pm-2:59pm,40,40,34,Ditch,0,The First Harmful Event was Not a Collision with a Motor Vehicle in Transport,1,1,1,Motor Vehicle In-Transport (Inside or Outside the Trafficway),0,No,47,Tennessee,1,Driver (in this crash) was Registered Owner,JKAVN2D17KA0,JKAVN2D17KA0,2019,2019,510,Kawasaki,3202,Vulcan 900,82,Motorcycle - Cruiser,73,Kawasaki,706,80,Two Wheel Motorcycle (excluding motor scooters),0,Not Applicable,11,"Class 1: 6,000 lbs. or less (2,722 kg or less)",11,"Class 1: 6,000 lbs. or less (2,722 kg or less)",0,No Trailers,7.78E+11,No Trailing Units,7.78E+11,No Trailing Units,7.78E+11,No Trailing Units,77,No Trailing Units,77,No Trailing Units,77,No Trailing Units,0,Not an Articulated Vehicle,0,Not Applicable,0,Not Applicable,0,Not Applicable,0,Not Applicable,0,Not Applicable (N/A),1,No,0,Not Applicable,0,Not Applicable,0,Not Applicable,0,Not Applicable,0,Not a Bus,0,No Special Use Noted,0,Not Applicable,998,Not Reported,7,Not Applicable,8,Not Applicable,8,Not Applicable,12,12 Clock Point,6,Disabling Damage,6,Towed,34,Ditch,0,No or Not Reported,73706,Kawasaki 750cc or greater,J,K,A,V,N,2,D,1,7,K,A,0,1,0,No,1,Yes,47,Tennessee,37073,37073,1,Full Driver License,6,Valid,0,No (CDL),0,No Endorsements required for this vehicle,2,No valid license for this class vehicle,0,No Restrictions or Not Applicable,71,71,190,190 lbs.,1,1,0,,0,,0,,0,,0,,0,,1,January,2022,2022,1,January,2022,2022,0,No,1,"Two-Way, Not Divided",2,Two lanes,30,30 MPH,3,Curve Left,5,Uphill,2,"Blacktop, Bituminous, or Asphalt",1,Dry,0,No Controls,0,No Controls,14,Negotiating a Curve,6,Traveling Too Fast for Conditions or Road Configuration,99,Unknown/Not Reported,1,Tracking,4,Departed roadway,1,A1-Single Driver-Right Roadside Departure-Drive Off Road
47,Tennessee,470720,1,1,8,August,27,27,14,2:00pm-2:59pm,14,14,33,Curb,0,The First Harmful Event was Not a Collision with a Motor Vehicle in Transport,1,1,1,Motor Vehicle In-Transport (Inside or Outside the Trafficway),0,No,47,Tennessee,1,Driver (in this crash) was Registered Owner,JS1EJ11B2R71,JS1EJ11B2R71,2024,2024,509,Suzuki,30574,Hayabusa,80,Motorcycle - Sport,53,Suzuki,706,80,Two Wheel Motorcycle (excluding motor scooters),0,Not Applicable,11,"Class 1: 6,000 lbs. or less (2,722 kg or less)",11,"Class 1: 6,000 lbs. or less (2,722 kg or less)",0,No Trailers,7.78E+11,No Trailing Units,7.78E+11,No Trailing Units,7.78E+11,No Trailing Units,77,No Trailing Units,77,No Trailing Units,77,No Trailing Units,0,Not an Articulated Vehicle,0,Not Applicable,0,Not Applicable,0,Not Applicable,0,Not Applicable,0,Not Applicable (N/A),1,No,0,Not Applicable,0,Not Applicable,0,Not Applicable,0,Not Applicable,0,Not a Bus,0,No Special Use Noted,0,Not Applicable,998,Not Reported,7,Not Applicable,8,Not Applicable,8,Not Applicable,2,2 Clock Point,6,Disabling Damage,6,Towed,38,Fence,0,No or Not Reported,53706,Suzuki 750cc-over,J,S,1,E,J,1,1,B,2,R,7,1,1,0,No,1,Yes,47,Tennessee,37138,37138,1,Full Driver License,6,Valid,0,No (CDL),0,No Endorsements required for this vehicle,3,Valid license for this class vehicle,1,Restrictions Complied With,72,72,195,195 lbs.,2,2,0,,0,,0,,0,,0,,0,,5,May,2020,2020,1,January,2023,2023,0,No,5,"Two-Way, Not Divided With a Continuous Left-Turn Lane",3,Three lanes,35,35 MPH,1,Straight,1,Level,2,"Blacktop, Bituminous, or Asphalt",1,Dry,0,No Controls,0,No Controls,1,Going Straight,6,Traveling Too Fast for Conditions or Road Configuration,99,Unknown/Not Reported,9,Precrash stability unknown,4,Departed roadway,2,A2-Single Driver-Right Roadside Departure-Control/Traction Loss
47,Tennessee,470722,1,1,8,August,30,30,0,0:00am-0:59am,5,5,39,Wall,0,The First Harmful Event was Not a Collision with a Motor Vehicle in Transport,1,1,1,Motor Vehicle In-Transport (Inside or Outside the Trafficway),0,No,47,Tennessee,1,Driver (in this crash) was Registered Owner,1HD1GX412CC3,1HD1GX412CC3,2012,2012,3888,Harley-Davidson,11053,FXDB / Dyna Street Bob,94,Motorcycle - Custom,72,Harley-Davidson,706,80,Two Wheel Motorcycle (excluding motor scooters),0,Not Applicable,11,"Class 1: 6,000 lbs. or less (2,722 kg or less)",11,"Class 1: 6,000 lbs. or less (2,722 kg or less)",0,No Trailers,7.78E+11,No Trailing Units,7.78E+11,No Trailing Units,7.78E+11,No Trailing Units,77,No Trailing Units,77,No Trailing Units,77,No Trailing Units,0,Not an Articulated Vehicle,0,Not Applicable,0,Not Applicable,0,Not Applicable,0,Not Applicable,0,Not Applicable (N/A),1,No,0,Not Applicable,0,Not Applicable,0,Not Applicable,0,Not Applicable,0,Not a Bus,0,No Special Use Noted,0,Not Applicable,998,Not Reported,7,Not Applicable,8,Not Applicable,8,Not Applicable,12,12 Clock Point,6,Disabling Damage,6,Towed,39,Wall,0,No or Not Reported,72706,Harley-Davidson 750cc or greater,1,H,D,1,G,X,4,1,2,C,C,3,1,1,Yes,1,Yes,47,Tennessee,37040,37040,1,Full Driver License,6,Valid,0,No (CDL),0,No Endorsements required for this vehicle,3,Valid license for this class vehicle,0,No Restrictions or Not Applicable,65,65,130,130 lbs.,0,,0,,0,,0,,0,,0,,0,,0,No Record,0,No Record,0,No Record,0,No Record,3,"Yes, Exceeded Speed Limit",5,"Two-Way, Not Divided With a Continuous Left-Turn Lane",5,Five lanes,45,45 MPH,2,Curve Right,1,Level,2,"Blacktop, Bituminous, or Asphalt",1,Dry,0,No Controls,0,No Controls,14,Negotiating a Curve,12,Off the edge of the road on the left side,99,Unknown/Not Reported,1,Tracking,4,Departed roadway,6,B6-Single Driver-Left Roadside Departure-Drive Off Road
47,Tennessee,470724,2,2,8,August,16,16,13,1:00pm-1:59pm,31,31,12,Motor Vehicle In-Transport,2,Front-to-Front,1,1,1,Motor Vehicle In-Transport (Inside or Outside the Trafficway),0,No,47,Tennessee,1,Driver (in this crash) was Registered Owner,WB10E6300P6H,WB10E6300P6H,2023,2023,452,BMW,1742,S 1000 RR,80,Motorcycle - Sport,34,BMW,706,80,Two Wheel Motorcycle (excluding motor scooters),0,Not Applicable,11,"Class 1: 6,000 lbs. or less (2,722 kg or less)",11,"Class 1: 6,000 lbs. or less (2,722 kg or less)",0,No Trailers,7.78E+11,No Trailing Units,7.78E+11,No Trailing Units,7.78E+11,No Trailing Units,77,No Trailing Units,77,No Trailing Units,77,No Trailing Units,0,Not an Articulated Vehicle,0,Not Applicable,0,Not Applicable,0,Not Applicable,0,Not Applicable,0,Not Applicable (N/A),1,No,0,Not Applicable,0,Not Applicable,0,Not Applicable,0,Not Applicable,0,Not a Bus,0,No Special Use Noted,0,Not Applicable,998,Not Reported,7,Not Applicable,8,Not Applicable,8,Not Applicable,12,12 Clock Point,6,Disabling Damage,6,Towed,12,Motor Vehicle In-Transport,0,No or Not Reported,34706,BMW 750cc and over,W,B,1,0,E,6,3,0,0,P,6,H,1,0,No,1,Yes,47,Tennessee,37043,37043,1,Full Driver License,6,Valid,0,No (CDL),0,No Endorsements required for this vehicle,3,Valid license for this class vehicle,0,No Restrictions or Not Applicable,68,68,155,155 lbs.,0,,0,,0,,0,,0,,1,1,0,,9,September,2021,2021,9,September,2021,2021,0,No,1,"Two-Way, Not Divided",3,Three lanes,55,55 MPH,1,Straight,5,Uphill,2,"Blacktop, Bituminous, or Asphalt",1,Dry,0,No Controls,0,No Controls,1,Going Straight,62,From opposite direction  over left lane line,99,Unknown/Not Reported,1,Tracking,1,Stayed in original travel lane,69,"J69-Changing Trafficway, Vehicle Turning-Turn Across Path-Initial Opposite Directions (Going Straight)"
47,Tennessee,470728,1,1,9,September,2,2,20,8:00pm-8:59pm,20,20,33,Curb,0,The First Harmful Event was Not a Collision with a Motor Vehicle in Transport,1,1,1,Motor Vehicle In-Transport (Inside or Outside the Trafficway),0,No,13,Georgia,1,Driver (in this crash) was Registered Owner,JYARN13E74A0,JYARN13E74A0,2004,2004,564,Yamaha,3214,YZF-R1,80,Motorcycle - Sport,76,Yamaha,706,80,Two Wheel Motorcycle (excluding motor scooters),0,Not Applicable,11,"Class 1: 6,000 lbs. or less (2,722 kg or less)",11,"Class 1: 6,000 lbs. or less (2,722 kg or less)",0,No Trailers,7.78E+11,No Trailing Units,7.78E+11,No Trailing Units,7.78E+11,No Trailing Units,77,No Trailing Units,77,No Trailing Units,77,No Trailing Units,0,Not an Articulated Vehicle,0,Not Applicable,0,Not Applicable,0,Not Applicable,0,Not Applicable,0,Not Applicable (N/A),1,No,0,Not Applicable,0,Not Applicable,0,Not Applicable,0,Not Applicable,0,Not a Bus,0,No Special Use Noted,0,Not Applicable,998,Not Reported,7,Not Applicable,8,Not Applicable,8,Not Applicable,12,12 Clock Point,6,Disabling Damage,6,Towed,31,"Post, Pole or Other Supports",1,Yes,76706,Yamaha 750cc or greater,J,Y,A,R,N,1,3,E,7,4,A,0,1,0,No,1,Yes,13,Georgia,42223,42223,1,Full Driver License,1,Suspended,0,No (CDL),0,No Endorsements required for this vehicle,2,No valid license for this class vehicle,1,Restrictions Complied With,999,Unknown,999,Unknown,98,Crashes Not Reported on Driving Record,0,,0,,1,1,0,,1,1,0,,4,April,2024,2024,4,April,2024,2024,3,"Yes, Exceeded Speed Limit",1,"Two-Way, Not Divided",6,Six lanes,40,40 MPH,2,Curve Right,1,Level,2,"Blacktop, Bituminous, or Asphalt",1,Dry,0,No Controls,0,No Controls,14,Negotiating a Curve,12,Off the edge of the road on the left side,16,Braking,2,Skidding longitudinally  rotation less than 30 degrees,4,Departed roadway,6,B6-Single Driver-Left Roadside Departure-Drive Off Road
47,Tennessee,470731,2,2,9,September,2,2,19,7:00pm-7:59pm,30,30,12,Motor Vehicle In-Transport,6,Angle,1,1,1,Motor Vehicle In-Transport (Inside or Outside the Trafficway),0,No,47,Tennessee,1,Driver (in this crash) was Registered Owner,JH2PC40J5NK8,JH2PC40J5NK8,2022,2022,474,Honda,14060,CBR600,80,Motorcycle - Sport,37,Honda,705,80,Two Wheel Motorcycle (excluding motor scooters),0,Not Applicable,11,"Class 1: 6,000 lbs. or less (2,722 kg or less)",11,"Class 1: 6,000 lbs. or less (2,722 kg or less)",0,No Trailers,7.78E+11,No Trailing Units,7.78E+11,No Trailing Units,7.78E+11,No Trailing Units,77,No Trailing Units,77,No Trailing Units,77,No Trailing Units,0,Not an Articulated Vehicle,0,Not Applicable,0,Not Applicable,0,Not Applicable,0,Not Applicable,0,Not Applicable (N/A),1,No,0,Not Applicable,0,Not Applicable,0,Not Applicable,0,Not Applicable,0,Not a Bus,0,No Special Use Noted,0,Not Applicable,998,Not Reported,7,Not Applicable,8,Not Applicable,8,Not Applicable,12,12 Clock Point,6,Disabling Damage,6,Towed,12,Motor Vehicle In-Transport,0,No or Not Reported,37705,Honda 450-749 cc,J,H,2,P,C,4,0,J,5,N,K,8,1,1,Yes,1,Yes,47,Tennessee,37406,37406,1,Full Driver License,6,Valid,0,No (CDL),0,No Endorsements required for this vehicle,3,Valid license for this class vehicle,1,Restrictions Complied With,73,73,150,150 lbs.,0,,0,,0,,0,,0,,0,,0,,0,No Record,0,No Record,0,No Record,0,No Record,0,No,1,"Two-Way, Not Divided",4,Four lanes,35,35 MPH,1,Straight,1,Level,2,"Blacktop, Bituminous, or Asphalt",1,Dry,0,No Controls,0,No Controls,1,Going Straight,62,From opposite direction  over left lane line,99,Unknown/Not Reported,1,Tracking,1,Stayed in original travel lane,69,"J69-Changing Trafficway, Vehicle Turning-Turn Across Path-Initial Opposite Directions (Going Straight)"
47,Tennessee,470739,1,1,9,September,3,3,5,5:00am-5:59am,58,58,11,Live Animal,0,The First Harmful Event was Not a Collision with a Motor Vehicle in Transport,1,1,1,Motor Vehicle In-Transport (Inside or Outside the Trafficway),0,No,47,Tennessee,1,Driver (in this crash) was Registered Owner,JYA5AHE09XA0,JYA5AHE09XA0,1999,1999,564,Yamaha,24532,YZF600,80,Motorcycle - Sport,76,Yamaha,705,80,Two Wheel Motorcycle (excluding motor scooters),0,Not Applicable,11,"Class 1: 6,000 lbs. or less (2,722 kg or less)",11,"Class 1: 6,000 lbs. or less (2,722 kg or less)",0,No Trailers,7.78E+11,No Trailing Units,7.78E+11,No Trailing Units,7.78E+11,No Trailing Units,77,No Trailing Units,77,No Trailing Units,77,No Trailing Units,0,Not an Articulated Vehicle,0,Not Applicable,0,Not Applicable,0,Not Applicable,0,Not Applicable,0,Not Applicable (N/A),1,No,0,Not Applicable,0,Not Applicable,0,Not Applicable,0,Not Applicable,0,Not a Bus,0,No Special Use Noted,0,Not Applicable,998,Not Reported,7,Not Applicable,8,Not Applicable,8,Not Applicable,12,12 Clock Point,6,Disabling Damage,6,Towed,11,Live Animal,0,No or Not Reported,76705,Yamaha 450-749cc,J,Y,A,5,A,H,E,0,9,X,A,0,1,0,No,1,Yes,47,Tennessee,37323,37323,1,Full Driver License,6,Valid,0,No (CDL),0,No Endorsements required for this vehicle,3,Valid license for this class vehicle,0,No Restrictions or Not Applicable,68,68,170,170 lbs.,2,2,0,,0,,0,,0,,0,,0,,11,November,2023,2023,9,September,2024,2024,9,Reported as Unknown,1,"Two-Way, Not Divided",2,Two lanes,45,45 MPH,1,Straight,1,Level,2,"Blacktop, Bituminous, or Asphalt",1,Dry,0,No Controls,0,No Controls,1,Going Straight,87,Animal in road,99,Unknown/Not Reported,1,Tracking,1,Stayed in original travel lane,13,C13-Single Driver-Forward Impact-Pedestrian/ Animal
47,Tennessee,470743,2,2,8,August,30,30,20,8:00pm-8:59pm,7,7,12,Motor Vehicle In-Transport,2,Front-to-Front,1,1,1,Motor Vehicle In-Transport (Inside or Outside the Trafficway),0,No,47,Tennessee,1,Driver (in this crash) was Registered Owner,1HD1FC412AB6,1HD1FC412AB6,2010,2010,3888,Harley-Davidson,8509,Electra Glide Ultra Classic,81,Motorcycle - Touring / Sport Touring,72,Harley-Davidson,706,80,Two Wheel Motorcycle (excluding motor scooters),0,Not Applicable,11,"Class 1: 6,000 lbs. or less (2,722 kg or less)",11,"Class 1: 6,000 lbs. or less (2,722 kg or less)",0,No Trailers,7.78E+11,No Trailing Units,7.78E+11,No Trailing Units,7.78E+11,No Trailing Units,77,No Trailing Units,77,No Trailing Units,77,No Trailing Units,0,Not an Articulated Vehicle,0,Not Applicable,0,Not Applicable,0,Not Applicable,0,Not Applicable,0,Not Applicable (N/A),1,No,0,Not Applicable,0,Not Applicable,0,Not Applicable,0,Not Applicable,0,Not a Bus,0,No Special Use Noted,0,Not Applicable,998,Not Reported,7,Not Applicable,8,Not Applicable,8,Not Applicable,12,12 Clock Point,6,Disabling Damage,6,Towed,12,Motor Vehicle In-Transport,1,Yes,72706,Harley-Davidson 750cc or greater,1,H,D,1,F,C,4,1,2,A,B,6,1,0,No,1,Yes,47,Tennessee,38345,38345,1,Full Driver License,6,Valid,0,No (CDL),0,No Endorsements required for this vehicle,3,Valid license for this class vehicle,1,Restrictions Complied With,73,73,197,197 lbs.,0,,0,,0,,0,,0,,0,,0,,0,No Record,0,No Record,0,No Record,0,No Record,0,No,1,"Two-Way, Not Divided",2,Two lanes,55,55 MPH,1,Straight,1,Level,2,"Blacktop, Bituminous, or Asphalt",1,Dry,0,No Controls,0,No Controls,1,Going Straight,62,From opposite direction  over left lane line,99,Unknown/Not Reported,1,Tracking,1,Stayed in original travel lane,51,"G51-Same Trafficway, Opposite Direction-Head-On-Lateral Move (Going Straight)"