STATE,STATENAME,ST_CASE,VEH_NO,VE_FORMS,MONTH,MONTHNAME,DAY,DAYNAME,HOUR,HOURNAME,MINUTE,MINUTENAME,HARM_EV,HARM_EVNAME,MAN_COLL,MAN_COLLNAME,NUMOCCS,NUMOCCSNAME,UNITTYPE,UNITTYPENAME,HIT_RUN,HIT_RUNNAME,REG_STAT,REG_STATNAME,OWNER,OWNERNAME,VIN,VINNAME,MOD_YEAR,MOD_YEARNAME,VPICMAKE,VPICMAKENAME,VPICMODEL,VPICMODELNAME,VPICBODYCLASS,VPICBODYCLASSNAME,MAKE,MAKENAME,MODEL,BODY_TYP,BODY_TYPNAME,ICFINALBODY,ICFINALBODYNAME,GVWR_FROM,GVWR_FROMNAME,GVWR_TO,GVWR_TONAME,TOW_VEH,TOW_VEHNAME,TRLR1VIN,TRLR1VINNAME,TRLR2VIN,TRLR2VINNAME,TRLR3VIN,TRLR3VINNAME,TRLR1GVWR,TRLR1GVWRNAME,TRLR2GVWR,TRLR2GVWRNAME,TRLR3GVWR,TRLR3GVWRNAME,J_KNIFE,J_KNIFENAME,MCARR_ID,MCARR_IDNAME,MCARR_I1,MCARR_I1NAME,MCARR_I2,MCARR_I2NAME,V_CONFIG,V_CONFIGNAME,CARGO_BT,CARGO_BTNAME,HAZ_INV,HAZ_INVNAME,HAZ_PLAC,HAZ_PLACNAME,HAZ_ID,HAZ_IDNAME,HAZ_CNO,HAZ_CNONAME,HAZ_REL,HAZ_RELNAME,BUS_USE,BUS_USENAME,SPEC_USE,SPEC_USENAME,EMER_USE,EMER_USENAME,TRAV_SP,TRAV_SPNAME,UNDEROVERRIDE,UNDEROVERRIDENAME,ROLLOVER,ROLLOVERNAME,ROLINLOC,ROLINLOCNAME,IMPACT1,IMPACT1NAME,DEFORMED,DEFORMEDNAME,TOWED,TOWEDNAME,M_HARM,M_HARMNAME,FIRE_EXP,FIRE_EXPNAME,MAK_MOD,MAK_MODNAME,VIN_1,VIN_2,VIN_3,VIN_4,VIN_5,VIN_6,VIN_7,VIN_8,VIN_9,VIN_10,VIN_11,VIN_12,DEATHS,DR_DRINK,DR_DRINKNAME,DR_PRES,DR_PRESNAME,L_STATE,L_STATENAME,DR_ZIP,DR_ZIPNAME,L_TYPE,L_TYPENAME,L_STATUS,L_STATUSNAME,CDL_STAT,CDL_STATNAME,L_ENDORS,L_ENDORSNAME,L_COMPL,L_COMPLNAME,L_RESTRI,L_RESTRINAME,DR_HGT,DR_HGTNAME,DR_WGT,DR_WGTNAME,PREV_ACC,PREV_ACCNAME,PREV_SUS1,PREV_SUS1NAME,PREV_SUS2,PREV_SUS2NAME,PREV_SUS3,PREV_SUS3NAME,PREV_DWI,PREV_DWINAME,PREV_SPD,PREV_SPDNAME,PREV_OTH,PREV_OTHNAME,FIRST_MO,FIRST_MONAME,FIRST_YR,FIRST_YRNAME,LAST_MO,LAST_MONAME,LAST_YR,LAST_YRNAME,SPEEDREL,SPEEDRELNAME,VTRAFWAY,VTRAFWAYNAME,VNUM_LAN,VNUM_LANNAME,VSPD_LIM,VSPD_LIMNAME,VALIGN,VALIGNNAME,VPROFILE,VPROFILENAME,VPAVETYP,VPAVETYPNAME,VSURCOND,VSURCONDNAME,VTRAFCON,VTRAFCONNAME,VTCONT_F,VTCONT_FNAME,P_CRASH1,P_CRASH1NAME,P_CRASH2,P_CRASH2NAME,P_CRASH3,P_CRASH3NAME,PCRASH4,PCRASH4NAME,PCRASH5,PCRASH5NAME,ACC_TYPE,ACC_TYPENAME
48,Texas,480893,1,2,4,April,1,1,6,6:00am-6:59am,39,39,12,Motor Vehicle In-Transport,11,Other,1,1,1,Motor Vehicle In-Transport (Inside or Outside the Trafficway),0,No,48,Texas,1,Driver (in this crash) was Registered Owner,ML5ZRDM16RDA,ML5ZRDM16RDA,2024,2024,510,Kawasaki,15084,Z900,80,Motorcycle - Sport,73,Kawasaki,706,80,Two Wheel Motorcycle (excluding motor scooters),0,Not Applicable,11,"Class 1: 6,000 lbs. or less (2,722 kg or less)",11,"Class 1: 6,000 lbs. or less (2,722 kg or less)",0,No Trailers,7.78E+11,No Trailing Units,7.78E+11,No Trailing Units,7.78E+11,No Trailing Units,77,No Trailing Units,77,No Trailing Units,77,No Trailing Units,0,Not an Articulated Vehicle,0,Not Applicable,0,Not Applicable,0,Not Applicable,0,Not Applicable,0,Not Applicable (N/A),1,No,0,Not Applicable,0,Not Applicable,0,Not Applicable,0,Not Applicable,0,Not a Bus,0,No Special Use Noted,0,Not Applicable,998,Not Reported,7,Not Applicable,8,Not Applicable,8,Not Applicable,81,Right,7,"Damage Reported, Extent Unknown",6,Towed,12,Motor Vehicle In-Transport,0,No or Not Reported,73706,Kawasaki 750cc or greater,M,L,5,Z,R,D,M,1,6,R,D,A,1,0,No,1,Yes,48,Texas,75165,75165,1,Full Driver License,6,Valid,0,No (CDL),0,No Endorsements required for this vehicle,3,Valid license for this class vehicle,3,"Restrictions, Compliance Unknown",69,69,107,107 lbs.,0,,0,,0,,0,,0,,1,1,1,1,5,May,2023,2023,5,May,2023,2023,4,"Yes, Too Fast for Conditions",1,"Two-Way, Not Divided",2,Two lanes,55,55 MPH,1,Straight,1,Level,8,Not Reported,1,Dry,0,No Controls,0,No Controls,6,Passing or Overtaking Another Vehicle,61,From adjacent lane (same direction) over right lane line,6,Steering left,1,Tracking,1,Stayed in original travel lane,73,"J73-Changing Trafficway, Vehicle Turning-Turn Across Path-Initial Same Directions (Going Straight)"
48,Texas,480894,1,2,4,April,4,4,19,7:00pm-7:59pm,16,16,12,Motor Vehicle In-Transport,6,Angle,1,1,1,Motor Vehicle In-Transport (Inside or Outside the Trafficway),0,No,48,Texas,1,Driver (in this crash) was Registered Owner,JS1GN7EA6821,JS1GN7EA6821,2008,2008,509,Suzuki,13162,GSX-R600,80,Motorcycle - Sport,53,Suzuki,705,80,Two Wheel Motorcycle (excluding motor scooters),0,Not Applicable,11,"Class 1: 6,000 lbs. or less (2,722 kg or less)",11,"Class 1: 6,000 lbs. or less (2,722 kg or less)",0,No Trailers,7.78E+11,No Trailing Units,7.78E+11,No Trailing Units,7.78E+11,No Trailing Units,77,No Trailing Units,77,No Trailing Units,77,No Trailing Units,0,Not an Articulated Vehicle,0,Not Applicable,0,Not Applicable,0,Not Applicable,0,Not Applicable,0,Not Applicable (N/A),1,No,0,Not Applicable,0,Not Applicable,0,Not Applicable,0,Not Applicable,0,Not a Bus,0,No Special Use Noted,0,Not Applicable,998,Not Reported,7,Not Applicable,8,Not Applicable,8,Not Applicable,12,12 Clock Point,7,"Damage Reported, Extent Unknown",6,Towed,12,Motor Vehicle In-Transport,0,No or Not Reported,53705,Suzuki 450-749cc,J,S,1,G,N,7,E,A,6,8,2,1,1,0,No,1,Yes,48,Texas,78245,78245,0,Not Licensed,0,Not licensed,0,No (CDL),0,No Endorsements required for this vehicle,0,Not licensed,0,No Restrictions or Not Applicable,999,Unknown,999,Unknown,0,,0,,0,,0,,0,,0,,0,,0,No Record,0,No Record,0,No Record,0,No Record,3,"Yes, Exceeded Speed Limit",2,"Two-Way, Divided, Unprotected Median",3,Three lanes,45,45 MPH,1,Straight,1,Level,8,Not Reported,1,Dry,0,No Controls,0,No Controls,1,Going Straight,62,From opposite direction  over left lane line,7,Steering right,9,Precrash stability unknown,1,Stayed in original travel lane,69,"J69-Changing Trafficway, Vehicle Turning-Turn Across Path-Initial Opposite Directions (Going Straight)"
48,Texas,480903,1,1,4,April,6,6,22,10:00pm-10:59pm,48,48,25,Concrete Traffic Barrier,0,The First Harmful Event was Not a Collision with a Motor Vehicle in Transport,1,1,1,Motor Vehicle In-Transport (Inside or Outside the Trafficway),0,No,48,Texas,2,Driver (in this crash) Not Registered Owner (Other Private Owner Listed),JS1GN7CA4521,JS1GN7CA4521,2005,2005,509,Suzuki,13162,GSX-R600,80,Motorcycle - Sport,53,Suzuki,705,80,Two Wheel Motorcycle (excluding motor scooters),0,Not Applicable,11,"Class 1: 6,000 lbs. or less (2,722 kg or less)",11,"Class 1: 6,000 lbs. or less (2,722 kg or less)",0,No Trailers,7.78E+11,No Trailing Units,7.78E+11,No Trailing Units,7.78E+11,No Trailing Units,77,No Trailing Units,77,No Trailing Units,77,No Trailing Units,0,Not an Articulated Vehicle,0,Not Applicable,0,Not Applicable,0,Not Applicable,0,Not Applicable,0,Not Applicable (N/A),1,No,0,Not Applicable,0,Not Applicable,0,Not Applicable,0,Not Applicable,0,Not a Bus,0,No Special Use Noted,0,Not Applicable,998,Not Reported,7,Not Applicable,8,Not Applicable,8,Not Applicable,98,Not Reported,7,"Damage Reported, Extent Unknown",6,Towed,25,Concrete Traffic Barrier,0,No or Not Reported,53705,Suzuki 450-749cc,J,S,1,G,N,7,C,A,4,5,2,1,1,1,Yes,1,Yes,48,Texas,77532,77532,0,Not Licensed,0,Not licensed,0,No (CDL),0,No Endorsements required for this vehicle,0,Not licensed,0,No Restrictions or Not Applicable,999,Unknown,999,Unknown,0,,0,,0,,0,,0,,0,,0,,0,No Record,0,No Record,0,No Record,0,No Record,4,"Yes, Too Fast for Conditions",6,Entrance/Exit Ramp,1,One lane,60,60 MPH,1,Straight,1,Level,1,Concrete,1,Dry,0,No Controls,0,No Controls,1,Going Straight,13,Off the edge of the road on the right side,99,Unknown/Not Reported,1,Tracking,4,Departed roadway,1,A1-Single Driver-Right Roadside Departure-Drive Off Road
48,Texas,480906,1,2,4,April,10,10,20,8:00pm-8:59pm,45,45,12,Motor Vehicle In-Transport,98,Not Reported,1,1,1,Motor Vehicle In-Transport (Inside or Outside the Trafficway),0,No,48,Texas,1,Driver (in this crash) was Registered Owner,MLHMD445XK52,MLHMD445XK52,2019,2019,474,Honda,33285,CRF250L,85,Motorcycle - Dual Sport / Adventure / Supermoto / On/Off-road,37,Honda,703,80,Two Wheel Motorcycle (excluding motor scooters),0,Not Applicable,11,"Class 1: 6,000 lbs. or less (2,722 kg or less)",11,"Class 1: 6,000 lbs. or less (2,722 kg or less)",0,No Trailers,7.78E+11,No Trailing Units,7.78E+11,No Trailing Units,7.78E+11,No Trailing Units,77,No Trailing Units,77,No Trailing Units,77,No Trailing Units,0,Not an Articulated Vehicle,0,Not Applicable,0,Not Applicable,0,Not Applicable,0,Not Applicable,0,Not Applicable (N/A),1,No,0,Not Applicable,0,Not Applicable,0,Not Applicable,0,Not Applicable,0,Not a Bus,0,No Special Use Noted,0,Not Applicable,998,Not Reported,7,Not Applicable,8,Not Applicable,8,Not Applicable,98,Not Reported,7,"Damage Reported, Extent Unknown",6,Towed,12,Motor Vehicle In-Transport,0,No or Not Reported,37703,Honda 125-349 cc,M,L,H,M,D,4,4,5,X,K,5,2,1,0,No,1,Yes,48,Texas,77546,77546,7,Learner's Permit,6,Valid,0,No (CDL),0,No Endorsements required for this vehicle,2,No valid license for this class vehicle,2,Restrictions Not Complied With,999,Unknown,999,Unknown,0,,0,,0,,0,,0,,0,,0,,0,No Record,0,No Record,0,No Record,0,No Record,3,"Yes, Exceeded Speed Limit",5,"Two-Way, Not Divided With a Continuous Left-Turn Lane",5,Five lanes,45,45 MPH,1,Straight,1,Level,8,Not Reported,1,Dry,0,No Controls,0,No Controls,99,Unknown,99,Unknown,99,Unknown/Not Reported,9,Precrash stability unknown,9,Unknown,99,M99-Unknown
48,Texas,480915,2,2,4,April,4,4,9,9:00am-9:59am,58,58,12,Motor Vehicle In-Transport,6,Angle,1,1,1,Motor Vehicle In-Transport (Inside or Outside the Trafficway),0,No,48,Texas,1,Driver (in this crash) was Registered Owner,LXDPCNPHXN10,LXDPCNPHXN10,2022,2022,2342,DONGFANG,10099,DF250RTS,125,Motorcycle - Unknown Body Class,98,Other Make,703,80,Two Wheel Motorcycle (excluding motor scooters),0,Not Applicable,11,"Class 1: 6,000 lbs. or less (2,722 kg or less)",11,"Class 1: 6,000 lbs. or less (2,722 kg or less)",0,No Trailers,7.78E+11,No Trailing Units,7.78E+11,No Trailing Units,7.78E+11,No Trailing Units,77,No Trailing Units,77,No Trailing Units,77,No Trailing Units,0,Not an Articulated Vehicle,0,Not Applicable,0,Not Applicable,0,Not Applicable,0,Not Applicable,0,Not Applicable (N/A),1,No,0,Not Applicable,0,Not Applicable,0,Not Applicable,0,Not Applicable,0,Not a Bus,0,No Special Use Noted,0,Not Applicable,998,Not Reported,7,Not Applicable,8,Not Applicable,8,Not Applicable,12,12 Clock Point,7,"Damage Reported, Extent Unknown",6,Towed,12,Motor Vehicle In-Transport,0,No or Not Reported,98703,Other Make 125-349cc,L,X,D,P,C,N,P,H,X,N,1,0,1,0,No,1,Yes,48,Texas,77021,77021,7,Learner's Permit,6,Valid,0,No (CDL),0,No Endorsements required for this vehicle,3,Valid license for this class vehicle,0,No Restrictions or Not Applicable,999,Unknown,999,Unknown,0,,0,,0,,0,,0,,0,,0,,0,No Record,0,No Record,0,No Record,0,No Record,0,No,2,"Two-Way, Divided, Unprotected Median",3,Three lanes,35,35 MPH,1,Straight,1,Level,8,Not Reported,1,Dry,0,No Controls,0,No Controls,1,Going Straight,62,From opposite direction  over left lane line,99,Unknown/Not Reported,1,Tracking,1,Stayed in original travel lane,69,"J69-Changing Trafficway, Vehicle Turning-Turn Across Path-Initial Opposite Directions (Going Straight)"
48,Texas,480916,1,3,4,April,4,4,17,5:00pm-5:59pm,22,22,12,Motor Vehicle In-Transport,6,Angle,1,1,1,Motor Vehicle In-Transport (Inside or Outside the Trafficway),0,No,48,Texas,2,Driver (in this crash) Not Registered Owner (Other Private Owner Listed),WB10E2308N6F,WB10E2308N6F,2022,2022,452,BMW,1742,S 1000 RR,80,Motorcycle - Sport,34,BMW,706,80,Two Wheel Motorcycle (excluding motor scooters),0,Not Applicable,11,"Class 1: 6,000 lbs. or less (2,722 kg or less)",11,"Class 1: 6,000 lbs. or less (2,722 kg or less)",0,No Trailers,7.78E+11,No Trailing Units,7.78E+11,No Trailing Units,7.78E+11,No Trailing Units,77,No Trailing Units,77,No Trailing Units,77,No Trailing Units,0,Not an Articulated Vehicle,0,Not Applicable,0,Not Applicable,0,Not Applicable,0,Not Applicable,0,Not Applicable (N/A),1,No,0,Not Applicable,0,Not Applicable,0,Not Applicable,0,Not Applicable,0,Not a Bus,0,No Special Use Noted,0,Not Applicable,998,Not Reported,7,Not Applicable,8,Not Applicable,8,Not Applicable,12,12 Clock Point,7,"Damage Reported, Extent Unknown",6,Towed,12,Motor Vehicle In-Transport,0,No or Not Reported,34706,BMW 750cc and over,W,B,1,0,E,2,3,0,8,N,6,F,1,0,No,1,Yes,48,Texas,75839,75839,1,Full Driver License,6,Valid,0,No (CDL),0,No Endorsements required for this vehicle,3,Valid license for this class vehicle,0,No Restrictions or Not Applicable,999,Unknown,999,Unknown,0,,0,,0,,0,,0,,1,1,1,1,6,June,2022,2022,6,June,2022,2022,3,"Yes, Exceeded Speed Limit",2,"Two-Way, Divided, Unprotected Median",2,Two lanes,65,65 MPH,1,Straight,1,Level,8,Not Reported,1,Dry,0,No Controls,0,No Controls,1,Going Straight,62,From opposite direction  over left lane line,99,Unknown/Not Reported,1,Tracking,1,Stayed in original travel lane,69,"J69-Changing Trafficway, Vehicle Turning-Turn Across Path-Initial Opposite Directions (Going Straight)"
48,Texas,480916,2,3,4,April,4,4,17,5:00pm-5:59pm,22,22,12,Motor Vehicle In-Transport,6,Angle,1,1,1,Motor Vehicle In-Transport (Inside or Outside the Trafficway),0,No,48,Texas,1,Driver (in this crash) was Registered Owner,JKBZXVE15LA0,JKBZXVE15LA0,2020,2020,510,Kawasaki,3197,Ninja ZX-10R,80,Motorcycle - Sport,73,Kawasaki,706,80,Two Wheel Motorcycle (excluding motor scooters),0,Not Applicable,11,"Class 1: 6,000 lbs. or less (2,722 kg or less)",11,"Class 1: 6,000 lbs. or less (2,722 kg or less)",0,No Trailers,7.78E+11,No Trailing Units,7.78E+11,No Trailing Units,7.78E+11,No Trailing Units,77,No Trailing Units,77,No Trailing Units,77,No Trailing Units,0,Not an Articulated Vehicle,0,Not Applicable,0,Not Applicable,0,Not Applicable,0,Not Applicable,0,Not Applicable (N/A),1,No,0,Not Applicable,0,Not Applicable,0,Not Applicable,0,Not Applicable,0,Not a Bus,0,No Special Use Noted,0,Not Applicable,998,Not Reported,7,Not Applicable,8,Not Applicable,8,Not Applicable,81,Right,7,"Damage Reported, Extent Unknown",6,Towed,12,Motor Vehicle In-Transport,0,No or Not Reported,73706,Kawasaki 750cc or greater,J,K,B,Z,X,V,E,1,5,L,A,0,0,0,No,1,Yes,48,Texas,79761,79761,1,Full Driver License,6,Valid,0,No (CDL),0,No Endorsements required for this vehicle,3,Valid license for this class vehicle,0,No Restrictions or Not Applicable,999,Unknown,999,Unknown,1,1,0,,0,,0,,0,,1,1,2,2,8,August,2019,2019,12,December,2021,2021,3,"Yes, Exceeded Speed Limit",2,"Two-Way, Divided, Unprotected Median",2,Two lanes,65,65 MPH,1,Straight,1,Level,8,Not Reported,1,Dry,0,No Controls,0,No Controls,1,Going Straight,62,From opposite direction  over left lane line,99,Unknown/Not Reported,1,Tracking,1,Stayed in original travel lane,98,M98-Other Crash Type
48,Texas,480922,1,1,4,April,12,12,16,4:00pm-4:59pm,19,19,1,Rollover/Overturn,0,The First Harmful Event was Not a Collision with a Motor Vehicle in Transport,1,1,1,Motor Vehicle In-Transport (Inside or Outside the Trafficway),0,No,48,Texas,1,Driver (in this crash) was Registered Owner,1HD1ZES11NB3,1HD1ZES11NB3,2022,2022,3888,Harley-Davidson,28728,RA1250 / Pan America,85,Motorcycle - Dual Sport / Adventure / Supermoto / On/Off-road,72,Harley-Davidson,706,80,Two Wheel Motorcycle (excluding motor scooters),0,Not Applicable,11,"Class 1: 6,000 lbs. or less (2,722 kg or less)",11,"Class 1: 6,000 lbs. or less (2,722 kg or less)",0,No Trailers,7.78E+11,No Trailing Units,7.78E+11,No Trailing Units,7.78E+11,No Trailing Units,77,No Trailing Units,77,No Trailing Units,77,No Trailing Units,0,Not an Articulated Vehicle,0,Not Applicable,0,Not Applicable,0,Not Applicable,0,Not Applicable,0,Not Applicable (N/A),1,No,0,Not Applicable,0,Not Applicable,0,Not Applicable,0,Not Applicable,0,Not a Bus,0,No Special Use Noted,0,Not Applicable,998,Not Reported,7,Not Applicable,8,Not Applicable,8,Not Applicable,0,Non-Collision,7,"Damage Reported, Extent Unknown",6,Towed,1,Rollover/Overturn,0,No or Not Reported,72706,Harley-Davidson 750cc or greater,1,H,D,1,Z,E,S,1,1,N,B,3,1,0,No,1,Yes,48,Texas,79040,79040,1,Full Driver License,6,Valid,0,No (CDL),0,No Endorsements required for this vehicle,3,Valid license for this class vehicle,3,"Restrictions, Compliance Unknown",999,Unknown,999,Unknown,0,,0,,0,,0,,0,,0,,0,,0,No Record,0,No Record,0,No Record,0,No Record,0,No,2,"Two-Way, Divided, Unprotected Median",2,Two lanes,75,75 MPH,1,Straight,2,"Grade, Unknown Slope",8,Not Reported,1,Dry,0,No Controls,0,No Controls,1,Going Straight,12,Off the edge of the road on the left side,99,Unknown/Not Reported,1,Tracking,4,Departed roadway,6,B6-Single Driver-Left Roadside Departure-Drive Off Road
48,Texas,480928,2,2,4,April,2,2,8,8:00am-8:59am,25,25,12,Motor Vehicle In-Transport,6,Angle,1,1,1,Motor Vehicle In-Transport (Inside or Outside the Trafficway),0,No,48,Texas,1,Driver (in this crash) was Registered Owner,JKBVNKA123A0,JKBVNKA123A0,2003,2003,510,Kawasaki,3162,Vulcan 1600,82,Motorcycle - Cruiser,73,Kawasaki,706,80,Two Wheel Motorcycle (excluding motor scooters),0,Not Applicable,11,"Class 1: 6,000 lbs. or less (2,722 kg or less)",11,"Class 1: 6,000 lbs. or less (2,722 kg or less)",0,No Trailers,7.78E+11,No Trailing Units,7.78E+11,No Trailing Units,7.78E+11,No Trailing Units,77,No Trailing Units,77,No Trailing Units,77,No Trailing Units,0,Not an Articulated Vehicle,0,Not Applicable,0,Not Applicable,0,Not Applicable,0,Not Applicable,0,Not Applicable (N/A),1,No,0,Not Applicable,0,Not Applicable,0,Not Applicable,0,Not Applicable,0,Not a Bus,0,No Special Use Noted,0,Not Applicable,998,Not Reported,7,Not Applicable,8,Not Applicable,8,Not Applicable,12,12 Clock Point,7,"Damage Reported, Extent Unknown",6,Towed,12,Motor Vehicle In-Transport,0,No or Not Reported,73706,Kawasaki 750cc or greater,J,K,B,V,N,K,A,1,2,3,A,0,1,0,No,1,Yes,48,Texas,75152,75152,1,Full Driver License,6,Valid,0,No (CDL),0,No Endorsements required for this vehicle,2,No valid license for this class vehicle,3,"Restrictions, Compliance Unknown",68,68,241,241 lbs.,0,,0,,0,,0,,0,,0,,0,,0,No Record,0,No Record,0,No Record,0,No Record,0,No,1,"Two-Way, Not Divided",2,Two lanes,45,45 MPH,3,Curve Left,1,Level,8,Not Reported,1,Dry,0,No Controls,0,No Controls,14,Negotiating a Curve,67,"From crossing street, turning into opposite direction",99,Unknown/Not Reported,4,Skidding laterally counterclockwise rotation,1,Stayed in original travel lane,83,"K83-Changing Trafficway, Vehicle Turning-Turn Into Path-Turn Into Opposite Directions (Going Straight)"
48,Texas,480939,1,2,4,April,7,7,20,8:00pm-8:59pm,26,26,1,Rollover/Overturn,0,The First Harmful Event was Not a Collision with a Motor Vehicle in Transport,1,1,1,Motor Vehicle In-Transport (Inside or Outside the Trafficway),0,No,48,Texas,1,Driver (in this crash) was Registered Owner,JH2SC50073M1,JH2SC50073M1,2003,2003,474,Honda,12564,CBR900/CBR954,80,Motorcycle - Sport,37,Honda,706,80,Two Wheel Motorcycle (excluding motor scooters),0,Not Applicable,11,"Class 1: 6,000 lbs. or less (2,722 kg or less)",11,"Class 1: 6,000 lbs. or less (2,722 kg or less)",0,No Trailers,7.78E+11,No Trailing Units,7.78E+11,No Trailing Units,7.78E+11,No Trailing Units,77,No Trailing Units,77,No Trailing Units,77,No Trailing Units,0,Not an Articulated Vehicle,0,Not Applicable,0,Not Applicable,0,Not Applicable,0,Not Applicable,0,Not Applicable (N/A),1,No,0,Not Applicable,0,Not Applicable,0,Not Applicable,0,Not Applicable,0,Not a Bus,0,No Special Use Noted,0,Not Applicable,998,Not Reported,7,Not Applicable,8,Not Applicable,8,Not Applicable,0,Non-Collision,7,"Damage Reported, Extent Unknown",6,Towed,54,"Motor Vehicle In-Transport Strikes or is Struck by Cargo, Persons or Objects Set-in-Motion from/by Another Motor Vehicle In Transport",0,No or Not Reported,37706,Honda 750 cc or greater,J,H,2,S,C,5,0,0,7,3,M,1,1,0,No,1,Yes,48,Texas,76539,76539,1,Full Driver License,6,Valid,0,No (CDL),0,No Endorsements required for this vehicle,3,Valid license for this class vehicle,0,No Restrictions or Not Applicable,65,65,123,123 lbs.,0,,0,,0,,0,,0,,1,1,0,,11,November,2019,2019,11,November,2019,2019,4,"Yes, Too Fast for Conditions",6,Entrance/Exit Ramp,1,One lane,45,45 MPH,2,Curve Right,2,"Grade, Unknown Slope",8,Not Reported,1,Dry,0,No Controls,0,No Controls,10,Turning Right,6,Traveling Too Fast for Conditions or Road Configuration,99,Unknown/Not Reported,1,Tracking,1,Stayed in original travel lane,98,M98-Other Crash Type
48,Texas,480941,2,2,4,April,9,9,14,2:00pm-2:59pm,13,13,12,Motor Vehicle In-Transport,1,Front-to-Rear,1,1,1,Motor Vehicle In-Transport (Inside or Outside the Trafficway),0,No,8,Colorado,1,Driver (in this crash) was Registered Owner,VBKV69401LM9,VBKV69401LM9,2020,2020,596,KTM,18886,Super Duke GT,80,Motorcycle - Sport,98,Other Make,706,80,Two Wheel Motorcycle (excluding motor scooters),0,Not Applicable,11,"Class 1: 6,000 lbs. or less (2,722 kg or less)",11,"Class 1: 6,000 lbs. or less (2,722 kg or less)",0,No Trailers,7.78E+11,No Trailing Units,7.78E+11,No Trailing Units,7.78E+11,No Trailing Units,77,No Trailing Units,77,No Trailing Units,77,No Trailing Units,0,Not an Articulated Vehicle,0,Not Applicable,0,Not Applicable,0,Not Applicable,0,Not Applicable,0,Not Applicable (N/A),1,No,0,Not Applicable,0,Not Applicable,0,Not Applicable,0,Not Applicable,0,Not a Bus,0,No Special Use Noted,0,Not Applicable,998,Not Reported,7,Not Applicable,8,Not Applicable,8,Not Applicable,12,12 Clock Point,7,"Damage Reported, Extent Unknown",6,Towed,12,Motor Vehicle In-Transport,0,No or Not Reported,98706,Other Make 750cc or greater,V,B,K,V,6,9,4,0,1,L,M,9,1,0,No,1,Yes,8,Colorado,80015,80015,1,Full Driver License,6,Valid,0,No (CDL),0,No Endorsements required for this vehicle,3,Valid license for this class vehicle,0,No Restrictions or Not Applicable,67,67,220,220 lbs.,0,,0,,0,,0,,0,,0,,0,,0,No Record,0,No Record,0,No Record,0,No Record,4,"Yes, Too Fast for Conditions",2,"Two-Way, Divided, Unprotected Median",2,Two lanes,75,75 MPH,1,Straight,1,Level,8,Not Reported,1,Dry,0,No Controls,0,No Controls,1,Going Straight,52,Traveling in same direction while decelerating,99,Unknown/Not Reported,1,Tracking,1,Stayed in original travel lane,28,"D28-Same Trafficway, Same Direction-Rear End-Decelerating (Slowing)"
48,Texas,480942,2,2,4,April,9,9,16,4:00pm-4:59pm,30,30,12,Motor Vehicle In-Transport,2,Front-to-Front,1,1,1,Motor Vehicle In-Transport (Inside or Outside the Trafficway),0,No,48,Texas,2,Driver (in this crash) Not Registered Owner (Other Private Owner Listed),1HD1DDV12XY6,1HD1DDV12XY6,1999,1999,3888,Harley-Davidson,25739,FLHT / Electra Glide Standard,81,Motorcycle - Touring / Sport Touring,72,Harley-Davidson,706,80,Two Wheel Motorcycle (excluding motor scooters),0,Not Applicable,11,"Class 1: 6,000 lbs. or less (2,722 kg or less)",11,"Class 1: 6,000 lbs. or less (2,722 kg or less)",0,No Trailers,7.78E+11,No Trailing Units,7.78E+11,No Trailing Units,7.78E+11,No Trailing Units,77,No Trailing Units,77,No Trailing Units,77,No Trailing Units,0,Not an Articulated Vehicle,0,Not Applicable,0,Not Applicable,0,Not Applicable,0,Not Applicable,0,Not Applicable (N/A),1,No,0,Not Applicable,0,Not Applicable,0,Not Applicable,0,Not Applicable,0,Not a Bus,0,No Special Use Noted,0,Not Applicable,998,Not Reported,7,Not Applicable,8,Not Applicable,8,Not Applicable,12,12 Clock Point,7,"Damage Reported, Extent Unknown",6,Towed,12,Motor Vehicle In-Transport,0,No or Not Reported,72706,Harley-Davidson 750cc or greater,1,H,D,1,D,D,V,1,2,X,Y,6,1,0,No,1,Yes,48,Texas,78417,78417,1,Full Driver License,6,Valid,0,No (CDL),0,No Endorsements required for this vehicle,2,No valid license for this class vehicle,0,No Restrictions or Not Applicable,999,Unknown,999,Unknown,0,,0,,0,,0,,0,,0,,0,,0,No Record,0,No Record,0,No Record,0,No Record,5,"Yes, Specifics Unknown",1,"Two-Way, Not Divided",2,Two lanes,55,55 MPH,1,Straight,1,Level,8,Not Reported,1,Dry,98,Other,3,Device Functioning Properly,1,Going Straight,64,"From Parking Lane/Shoulder, Median/Crossover, Roadside",99,Unknown/Not Reported,1,Tracking,1,Stayed in original travel lane,98,M98-Other Crash Type
48,Texas,480945,1,2,4,April,12,12,23,11:00pm-11:59pm,56,56,12,Motor Vehicle In-Transport,6,Angle,1,1,1,Motor Vehicle In-Transport (Inside or Outside the Trafficway),0,No,48,Texas,2,Driver (in this crash) Not Registered Owner (Other Private Owner Listed),1HD1GEV172Y3,1HD1GEV172Y3,2002,2002,3888,Harley-Davidson,11056,Dyna Wide Glide,94,Motorcycle - Custom,72,Harley-Davidson,706,80,Two Wheel Motorcycle (excluding motor scooters),0,Not Applicable,11,"Class 1: 6,000 lbs. or less (2,722 kg or less)",11,"Class 1: 6,000 lbs. or less (2,722 kg or less)",0,No Trailers,7.78E+11,No Trailing Units,7.78E+11,No Trailing Units,7.78E+11,No Trailing Units,77,No Trailing Units,77,No Trailing Units,77,No Trailing Units,0,Not an Articulated Vehicle,0,Not Applicable,0,Not Applicable,0,Not Applicable,0,Not Applicable,0,Not Applicable (N/A),1,No,0,Not Applicable,0,Not Applicable,0,Not Applicable,0,Not Applicable,0,Not a Bus,0,No Special Use Noted,0,Not Applicable,998,Not Reported,7,Not Applicable,8,Not Applicable,8,Not Applicable,12,12 Clock Point,7,"Damage Reported, Extent Unknown",6,Towed,12,Motor Vehicle In-Transport,0,No or Not Reported,72706,Harley-Davidson 750cc or greater,1,H,D,1,G,E,V,1,7,2,Y,3,1,0,No,1,Yes,48,Texas,77979,77979,1,Full Driver License,6,Valid,0,No (CDL),0,No Endorsements required for this vehicle,3,Valid license for this class vehicle,3,"Restrictions, Compliance Unknown",999,Unknown,999,Unknown,1,1,0,,0,,0,,0,,0,,0,,11,November,2021,2021,11,November,2021,2021,3,"Yes, Exceeded Speed Limit",2,"Two-Way, Divided, Unprotected Median",4,Four lanes,45,45 MPH,1,Straight,1,Level,8,Not Reported,1,Dry,3,Traffic control signal(on colors) not known whether or not Pedestrian Signal,3,Device Functioning Properly,1,Going Straight,62,From opposite direction  over left lane line,99,Unknown/Not Reported,1,Tracking,1,Stayed in original travel lane,69,"J69-Changing Trafficway, Vehicle Turning-Turn Across Path-Initial Opposite Directions (Going Straight)"