STATE,STATENAME,ST_CASE,VEH_NO,VE_FORMS,MONTH,MONTHNAME,DAY,DAYNAME,HOUR,HOURNAME,MINUTE,MINUTENAME,HARM_EV,HARM_EVNAME,MAN_COLL,MAN_COLLNAME,NUMOCCS,NUMOCCSNAME,UNITTYPE,UNITTYPENAME,HIT_RUN,HIT_RUNNAME,REG_STAT,REG_STATNAME,OWNER,OWNERNAME,VIN,VINNAME,MOD_YEAR,MOD_YEARNAME,VPICMAKE,VPICMAKENAME,VPICMODEL,VPICMODELNAME,VPICBODYCLASS,VPICBODYCLASSNAME,MAKE,MAKENAME,MODEL,BODY_TYP,BODY_TYPNAME,ICFINALBODY,ICFINALBODYNAME,GVWR_FROM,GVWR_FROMNAME,GVWR_TO,GVWR_TONAME,TOW_VEH,TOW_VEHNAME,TRLR1VIN,TRLR1VINNAME,TRLR2VIN,TRLR2VINNAME,TRLR3VIN,TRLR3VINNAME,TRLR1GVWR,TRLR1GVWRNAME,TRLR2GVWR,TRLR2GVWRNAME,TRLR3GVWR,TRLR3GVWRNAME,J_KNIFE,J_KNIFENAME,MCARR_ID,MCARR_IDNAME,MCARR_I1,MCARR_I1NAME,MCARR_I2,MCARR_I2NAME,V_CONFIG,V_CONFIGNAME,CARGO_BT,CARGO_BTNAME,HAZ_INV,HAZ_INVNAME,HAZ_PLAC,HAZ_PLACNAME,HAZ_ID,HAZ_IDNAME,HAZ_CNO,HAZ_CNONAME,HAZ_REL,HAZ_RELNAME,BUS_USE,BUS_USENAME,SPEC_USE,SPEC_USENAME,EMER_USE,EMER_USENAME,TRAV_SP,TRAV_SPNAME,UNDEROVERRIDE,UNDEROVERRIDENAME,ROLLOVER,ROLLOVERNAME,ROLINLOC,ROLINLOCNAME,IMPACT1,IMPACT1NAME,DEFORMED,DEFORMEDNAME,TOWED,TOWEDNAME,M_HARM,M_HARMNAME,FIRE_EXP,FIRE_EXPNAME,MAK_MOD,MAK_MODNAME,VIN_1,VIN_2,VIN_3,VIN_4,VIN_5,VIN_6,VIN_7,VIN_8,VIN_9,VIN_10,VIN_11,VIN_12,DEATHS,DR_DRINK,DR_DRINKNAME,DR_PRES,DR_PRESNAME,L_STATE,L_STATENAME,DR_ZIP,DR_ZIPNAME,L_TYPE,L_TYPENAME,L_STATUS,L_STATUSNAME,CDL_STAT,CDL_STATNAME,L_ENDORS,L_ENDORSNAME,L_COMPL,L_COMPLNAME,L_RESTRI,L_RESTRINAME,DR_HGT,DR_HGTNAME,DR_WGT,DR_WGTNAME,PREV_ACC,PREV_ACCNAME,PREV_SUS1,PREV_SUS1NAME,PREV_SUS2,PREV_SUS2NAME,PREV_SUS3,PREV_SUS3NAME,PREV_DWI,PREV_DWINAME,PREV_SPD,PREV_SPDNAME,PREV_OTH,PREV_OTHNAME,FIRST_MO,FIRST_MONAME,FIRST_YR,FIRST_YRNAME,LAST_MO,LAST_MONAME,LAST_YR,LAST_YRNAME,SPEEDREL,SPEEDRELNAME,VTRAFWAY,VTRAFWAYNAME,VNUM_LAN,VNUM_LANNAME,VSPD_LIM,VSPD_LIMNAME,VALIGN,VALIGNNAME,VPROFILE,VPROFILENAME,VPAVETYP,VPAVETYPNAME,VSURCOND,VSURCONDNAME,VTRAFCON,VTRAFCONNAME,VTCONT_F,VTCONT_FNAME,P_CRASH1,P_CRASH1NAME,P_CRASH2,P_CRASH2NAME,P_CRASH3,P_CRASH3NAME,PCRASH4,PCRASH4NAME,PCRASH5,PCRASH5NAME,ACC_TYPE,ACC_TYPENAME
48,Texas,482776,1,1,9,September,29,29,20,8:00pm-8:59pm,56,56,1,Rollover/Overturn,0,The First Harmful Event was Not a Collision with a Motor Vehicle in Transport,1,1,1,Motor Vehicle In-Transport (Inside or Outside the Trafficway),0,No,48,Texas,1,Driver (in this crash) was Registered Owner,1HD1BJY141Y0,1HD1BJY141Y0,2001,2001,3888,Harley-Davidson,11540,FLSTC / Heritage Softail Classic,82,Motorcycle - Cruiser,72,Harley-Davidson,706,80,Two Wheel Motorcycle (excluding motor scooters),0,Not Applicable,11,"Class 1: 6,000 lbs. or less (2,722 kg or less)",11,"Class 1: 6,000 lbs. or less (2,722 kg or less)",0,No Trailers,7.78E+11,No Trailing Units,7.78E+11,No Trailing Units,7.78E+11,No Trailing Units,77,No Trailing Units,77,No Trailing Units,77,No Trailing Units,0,Not an Articulated Vehicle,0,Not Applicable,0,Not Applicable,0,Not Applicable,0,Not Applicable,0,Not Applicable (N/A),1,No,0,Not Applicable,0,Not Applicable,0,Not Applicable,0,Not Applicable,0,Not a Bus,0,No Special Use Noted,0,Not Applicable,998,Not Reported,7,Not Applicable,8,Not Applicable,8,Not Applicable,0,Non-Collision,7,"Damage Reported, Extent Unknown",6,Towed,1,Rollover/Overturn,0,No or Not Reported,72706,Harley-Davidson 750cc or greater,1,H,D,1,B,J,Y,1,4,1,Y,0,1,1,Yes,1,Yes,48,Texas,75169,75169,1,Full Driver License,6,Valid,0,No (CDL),0,No Endorsements required for this vehicle,2,No valid license for this class vehicle,0,No Restrictions or Not Applicable,75,75,202,202 lbs.,0,,0,,0,,0,,0,,0,,0,,0,No Record,0,No Record,0,No Record,0,No Record,5,"Yes, Specifics Unknown",1,"Two-Way, Not Divided",2,Two lanes,55,55 MPH,1,Straight,1,Level,8,Not Reported,1,Dry,0,No Controls,0,No Controls,1,Going Straight,6,Traveling Too Fast for Conditions or Road Configuration,99,Unknown/Not Reported,9,Precrash stability unknown,1,Stayed in original travel lane,98,M98-Other Crash Type
48,Texas,482780,1,2,10,October,4,4,21,9:00pm-9:59pm,24,24,12,Motor Vehicle In-Transport,2,Front-to-Front,1,1,1,Motor Vehicle In-Transport (Inside or Outside the Trafficway),0,No,48,Texas,2,Driver (in this crash) Not Registered Owner (Other Private Owner Listed),JYARN53Y2HA0,JYARN53Y2HA0,2017,2017,564,Yamaha,3372,FZ09,80,Motorcycle - Sport,76,Yamaha,706,80,Two Wheel Motorcycle (excluding motor scooters),0,Not Applicable,11,"Class 1: 6,000 lbs. or less (2,722 kg or less)",11,"Class 1: 6,000 lbs. or less (2,722 kg or less)",0,No Trailers,7.78E+11,No Trailing Units,7.78E+11,No Trailing Units,7.78E+11,No Trailing Units,77,No Trailing Units,77,No Trailing Units,77,No Trailing Units,0,Not an Articulated Vehicle,0,Not Applicable,0,Not Applicable,0,Not Applicable,0,Not Applicable,0,Not Applicable (N/A),1,No,0,Not Applicable,0,Not Applicable,0,Not Applicable,0,Not Applicable,0,Not a Bus,0,No Special Use Noted,0,Not Applicable,998,Not Reported,7,Not Applicable,8,Not Applicable,8,Not Applicable,12,12 Clock Point,6,Disabling Damage,6,Towed,12,Motor Vehicle In-Transport,0,No or Not Reported,76706,Yamaha 750cc or greater,J,Y,A,R,N,5,3,Y,2,H,A,0,1,1,Yes,1,Yes,48,Texas,78227,78227,1,Full Driver License,6,Valid,0,No (CDL),0,No Endorsements required for this vehicle,3,Valid license for this class vehicle,0,No Restrictions or Not Applicable,999,Unknown,999,Unknown,0,,0,,0,,0,,0,,3,3,0,,11,November,2019,2019,10,October,2021,2021,5,"Yes, Specifics Unknown",2,"Two-Way, Divided, Unprotected Median",3,Three lanes,45,45 MPH,1,Straight,1,Level,8,Not Reported,1,Dry,3,Traffic control signal(on colors) not known whether or not Pedestrian Signal,3,Device Functioning Properly,1,Going Straight,17,Crossing Over (Passing Through) Junction,99,Unknown/Not Reported,1,Tracking,1,Stayed in original travel lane,69,"J69-Changing Trafficway, Vehicle Turning-Turn Across Path-Initial Opposite Directions (Going Straight)"
48,Texas,482792,1,1,9,September,30,30,11,11:00am-11:59am,56,56,1,Rollover/Overturn,0,The First Harmful Event was Not a Collision with a Motor Vehicle in Transport,1,1,1,Motor Vehicle In-Transport (Inside or Outside the Trafficway),0,No,46,South Dakota,1,Driver (in this crash) was Registered Owner,JH2SC7715NK5,JH2SC7715NK5,2022,2022,474,Honda,11975,CBR1000,80,Motorcycle - Sport,37,Honda,706,80,Two Wheel Motorcycle (excluding motor scooters),0,Not Applicable,11,"Class 1: 6,000 lbs. or less (2,722 kg or less)",11,"Class 1: 6,000 lbs. or less (2,722 kg or less)",0,No Trailers,7.78E+11,No Trailing Units,7.78E+11,No Trailing Units,7.78E+11,No Trailing Units,77,No Trailing Units,77,No Trailing Units,77,No Trailing Units,0,Not an Articulated Vehicle,0,Not Applicable,0,Not Applicable,0,Not Applicable,0,Not Applicable,0,Not Applicable (N/A),1,No,0,Not Applicable,0,Not Applicable,0,Not Applicable,0,Not Applicable,0,Not a Bus,0,No Special Use Noted,0,Not Applicable,998,Not Reported,7,Not Applicable,8,Not Applicable,8,Not Applicable,0,Non-Collision,7,"Damage Reported, Extent Unknown",6,Towed,30,Utility Pole/Light Support,0,No or Not Reported,37706,Honda 750 cc or greater,J,H,2,S,C,7,7,1,5,N,K,5,1,0,No,1,Yes,46,South Dakota,57006,57006,1,Full Driver License,6,Valid,0,No (CDL),0,No Endorsements required for this vehicle,3,Valid license for this class vehicle,0,No Restrictions or Not Applicable,72,72,190,190 lbs.,0,,0,,0,,0,,0,,1,1,0,,11,November,2023,2023,11,November,2023,2023,5,"Yes, Specifics Unknown",1,"Two-Way, Not Divided",2,Two lanes,55,55 MPH,3,Curve Left,3,Hillcrest,8,Not Reported,1,Dry,97,Not Reported,8,Not Reported,14,Negotiating a Curve,13,Off the edge of the road on the right side,99,Unknown/Not Reported,1,Tracking,4,Departed roadway,1,A1-Single Driver-Right Roadside Departure-Drive Off Road
48,Texas,482797,1,2,10,October,3,3,15,3:00pm-3:59pm,22,22,12,Motor Vehicle In-Transport,11,Other,1,1,1,Motor Vehicle In-Transport (Inside or Outside the Trafficway),0,No,48,Texas,1,Driver (in this crash) was Registered Owner,JH2PC21497M8,JH2PC21497M8,2007,2007,474,Honda,12382,VT600CD (SHADOW VLX DELUXE),82,Motorcycle - Cruiser,37,Honda,705,80,Two Wheel Motorcycle (excluding motor scooters),0,Not Applicable,11,"Class 1: 6,000 lbs. or less (2,722 kg or less)",11,"Class 1: 6,000 lbs. or less (2,722 kg or less)",0,No Trailers,7.78E+11,No Trailing Units,7.78E+11,No Trailing Units,7.78E+11,No Trailing Units,77,No Trailing Units,77,No Trailing Units,77,No Trailing Units,0,Not an Articulated Vehicle,0,Not Applicable,0,Not Applicable,0,Not Applicable,0,Not Applicable,0,Not Applicable (N/A),1,No,0,Not Applicable,0,Not Applicable,0,Not Applicable,0,Not Applicable,0,Not a Bus,0,No Special Use Noted,0,Not Applicable,998,Not Reported,7,Not Applicable,8,Not Applicable,8,Not Applicable,98,Not Reported,7,"Damage Reported, Extent Unknown",6,Towed,12,Motor Vehicle In-Transport,0,No or Not Reported,37705,Honda 450-749 cc,J,H,2,P,C,2,1,4,9,7,M,8,1,0,No,1,Yes,48,Texas,78408,78408,1,Full Driver License,6,Valid,0,No (CDL),0,No Endorsements required for this vehicle,3,Valid license for this class vehicle,0,No Restrictions or Not Applicable,999,Unknown,999,Unknown,0,,0,,0,,0,,0,,0,,0,,0,No Record,0,No Record,0,No Record,0,No Record,0,No,6,Entrance/Exit Ramp,2,Two lanes,55,55 MPH,2,Curve Right,1,Level,8,Not Reported,1,Dry,0,No Controls,0,No Controls,14,Negotiating a Curve,10,Over the lane line on left side of travel lane,99,Unknown/Not Reported,1,Tracking,2,"Stayed on roadway, but left original travel lane",45,"F45-Same Trafficway, Same Direction-Angle, Sideswipe-Straight Ahead on Left/Right"
48,Texas,482803,2,2,10,October,4,4,19,7:00pm-7:59pm,16,16,12,Motor Vehicle In-Transport,1,Front-to-Rear,1,1,1,Motor Vehicle In-Transport (Inside or Outside the Trafficway),0,No,48,Texas,2,Driver (in this crash) Not Registered Owner (Other Private Owner Listed),5VPCB16D6330,5VPCB16D6330,2003,2003,567,Victory,3495,Kingpin,6,Motorcycle - Standard,77,Victory,706,80,Two Wheel Motorcycle (excluding motor scooters),0,Not Applicable,11,"Class 1: 6,000 lbs. or less (2,722 kg or less)",11,"Class 1: 6,000 lbs. or less (2,722 kg or less)",0,No Trailers,7.78E+11,No Trailing Units,7.78E+11,No Trailing Units,7.78E+11,No Trailing Units,77,No Trailing Units,77,No Trailing Units,77,No Trailing Units,0,Not an Articulated Vehicle,0,Not Applicable,0,Not Applicable,0,Not Applicable,0,Not Applicable,0,Not Applicable (N/A),1,No,0,Not Applicable,0,Not Applicable,0,Not Applicable,0,Not Applicable,0,Not a Bus,0,No Special Use Noted,0,Not Applicable,0,Stopped Motor Vehicle In-Transport,7,Not Applicable,8,Not Applicable,8,Not Applicable,6,6 Clock Point,7,"Damage Reported, Extent Unknown",6,Towed,12,Motor Vehicle In-Transport,0,No or Not Reported,77706,Victory 750cc or greater,5,V,P,C,B,1,6,D,6,3,3,0,1,0,No,1,Yes,48,Texas,77535,77535,1,Full Driver License,4,Canceled or denied,0,No (CDL),0,No Endorsements required for this vehicle,2,No valid license for this class vehicle,3,"Restrictions, Compliance Unknown",69,69,165,165 lbs.,0,,0,,0,,0,,0,,0,,0,,0,No Record,0,No Record,0,No Record,0,No Record,0,No,1,"Two-Way, Not Divided",3,Three lanes,65,65 MPH,1,Straight,1,Level,8,Not Reported,1,Dry,0,No Controls,0,No Controls,5,Stopped in Roadway,53,Traveling in same direction with higher speed,1,No Avoidance Maneuver,1,Tracking,1,Stayed in original travel lane,21,"D21-Same Trafficway, Same Direction-Rear End-Stopped, Straight"
48,Texas,482804,2,4,10,October,5,5,10,10:00am-10:59am,28,28,12,Motor Vehicle In-Transport,98,Not Reported,1,1,1,Motor Vehicle In-Transport (Inside or Outside the Trafficway),0,No,48,Texas,1,Driver (in this crash) was Registered Owner,JKBZXNF18FA0,JKBZXNF18FA0,2015,2015,510,Kawasaki,3387,Ninja ZX-14R,80,Motorcycle - Sport,73,Kawasaki,706,80,Two Wheel Motorcycle (excluding motor scooters),0,Not Applicable,11,"Class 1: 6,000 lbs. or less (2,722 kg or less)",11,"Class 1: 6,000 lbs. or less (2,722 kg or less)",0,No Trailers,7.78E+11,No Trailing Units,7.78E+11,No Trailing Units,7.78E+11,No Trailing Units,77,No Trailing Units,77,No Trailing Units,77,No Trailing Units,0,Not an Articulated Vehicle,0,Not Applicable,0,Not Applicable,0,Not Applicable,0,Not Applicable,0,Not Applicable (N/A),1,No,0,Not Applicable,0,Not Applicable,0,Not Applicable,0,Not Applicable,0,Not a Bus,0,No Special Use Noted,0,Not Applicable,998,Not Reported,7,Not Applicable,8,Not Applicable,8,Not Applicable,98,Not Reported,7,"Damage Reported, Extent Unknown",6,Towed,12,Motor Vehicle In-Transport,0,No or Not Reported,73706,Kawasaki 750cc or greater,J,K,B,Z,X,N,F,1,8,F,A,0,1,0,No,1,Yes,48,Texas,75094,75094,1,Full Driver License,6,Valid,0,No (CDL),0,No Endorsements required for this vehicle,3,Valid license for this class vehicle,0,No Restrictions or Not Applicable,72,72,339,339 lbs.,0,,0,,0,,0,,0,,0,,0,,0,No Record,0,No Record,0,No Record,0,No Record,3,"Yes, Exceeded Speed Limit",2,"Two-Way, Divided, Unprotected Median",3,Three lanes,35,35 MPH,1,Straight,1,Level,8,Not Reported,1,Dry,0,No Controls,0,No Controls,1,Going Straight,62,From opposite direction  over left lane line,99,Unknown/Not Reported,1,Tracking,1,Stayed in original travel lane,69,"J69-Changing Trafficway, Vehicle Turning-Turn Across Path-Initial Opposite Directions (Going Straight)"
48,Texas,482808,1,2,9,September,30,30,8,8:00am-8:59am,4,4,1,Rollover/Overturn,0,The First Harmful Event was Not a Collision with a Motor Vehicle in Transport,1,1,1,Motor Vehicle In-Transport (Inside or Outside the Trafficway),0,No,48,Texas,2,Driver (in this crash) Not Registered Owner (Other Private Owner Listed),JYARJ13EX9A0,JYARJ13EX9A0,2009,2009,564,Yamaha,3284,FZ6,98,Motorcycle - Street,76,Yamaha,705,80,Two Wheel Motorcycle (excluding motor scooters),0,Not Applicable,11,"Class 1: 6,000 lbs. or less (2,722 kg or less)",11,"Class 1: 6,000 lbs. or less (2,722 kg or less)",0,No Trailers,7.78E+11,No Trailing Units,7.78E+11,No Trailing Units,7.78E+11,No Trailing Units,77,No Trailing Units,77,No Trailing Units,77,No Trailing Units,0,Not an Articulated Vehicle,0,Not Applicable,0,Not Applicable,0,Not Applicable,0,Not Applicable,0,Not Applicable (N/A),1,No,0,Not Applicable,0,Not Applicable,0,Not Applicable,0,Not Applicable,0,Not a Bus,0,No Special Use Noted,0,Not Applicable,998,Not Reported,7,Not Applicable,8,Not Applicable,8,Not Applicable,0,Non-Collision,7,"Damage Reported, Extent Unknown",6,Towed,54,"Motor Vehicle In-Transport Strikes or is Struck by Cargo, Persons or Objects Set-in-Motion from/by Another Motor Vehicle In Transport",0,No or Not Reported,76705,Yamaha 450-749cc,J,Y,A,R,J,1,3,E,X,9,A,0,1,0,No,1,Yes,36,New York,78610,78610,1,Full Driver License,6,Valid,0,No (CDL),0,No Endorsements required for this vehicle,3,Valid license for this class vehicle,3,"Restrictions, Compliance Unknown",67,67,999,Unknown,0,,0,,0,,0,,0,,0,,0,,0,No Record,0,No Record,0,No Record,0,No Record,4,"Yes, Too Fast for Conditions",1,"Two-Way, Not Divided",2,Two lanes,30,30 MPH,1,Straight,1,Level,8,Not Reported,1,Dry,20,Stop Sign,3,Device Functioning Properly,6,Passing or Overtaking Another Vehicle,9,Unknown cause of control loss,99,Unknown/Not Reported,9,Precrash stability unknown,3,"Stayed on roadway, not known if left original travel lane",98,M98-Other Crash Type
48,Texas,482809,1,1,6,June,6,6,22,10:00pm-10:59pm,11,11,33,Curb,0,The First Harmful Event was Not a Collision with a Motor Vehicle in Transport,1,1,1,Motor Vehicle In-Transport (Inside or Outside the Trafficway),0,No,48,Texas,1,Driver (in this crash) was Registered Owner,RFBRTJ138JB1,RFBRTJ138JB1,2018,2018,1496,KYMCO,25405,Spade,12,Motorcycle - Scooter,98,Other Make,703,84,Motor Scooter,0,Not Applicable,11,"Class 1: 6,000 lbs. or less (2,722 kg or less)",11,"Class 1: 6,000 lbs. or less (2,722 kg or less)",0,No Trailers,7.78E+11,No Trailing Units,7.78E+11,No Trailing Units,7.78E+11,No Trailing Units,77,No Trailing Units,77,No Trailing Units,77,No Trailing Units,0,Not an Articulated Vehicle,0,Not Applicable,0,Not Applicable,0,Not Applicable,0,Not Applicable,0,Not Applicable (N/A),1,No,0,Not Applicable,0,Not Applicable,0,Not Applicable,0,Not Applicable,0,Not a Bus,0,No Special Use Noted,0,Not Applicable,998,Not Reported,7,Not Applicable,8,Not Applicable,8,Not Applicable,98,Not Reported,7,"Damage Reported, Extent Unknown",6,Towed,33,Curb,0,No or Not Reported,98703,Other Make 125-349cc,R,F,B,R,T,J,1,3,8,J,B,1,1,0,No,1,Yes,48,Texas,78210,78210,1,Full Driver License,6,Valid,0,No (CDL),0,No Endorsements required for this vehicle,3,Valid license for this class vehicle,0,No Restrictions or Not Applicable,999,Unknown,999,Unknown,0,,0,,0,,0,,0,,0,,0,,0,No Record,0,No Record,0,No Record,0,No Record,4,"Yes, Too Fast for Conditions",3,"Two-Way,  Divided, Positive  Median Barrier",2,Two lanes,35,35 MPH,3,Curve Left,1,Level,8,Not Reported,1,Dry,0,No Controls,0,No Controls,14,Negotiating a Curve,12,Off the edge of the road on the left side,99,Unknown/Not Reported,1,Tracking,4,Departed roadway,6,B6-Single Driver-Left Roadside Departure-Drive Off Road
48,Texas,482811,1,3,7,July,26,26,17,5:00pm-5:59pm,31,31,12,Motor Vehicle In-Transport,6,Angle,1,1,1,Motor Vehicle In-Transport (Inside or Outside the Trafficway),0,No,48,Texas,2,Driver (in this crash) Not Registered Owner (Other Private Owner Listed),MH3RH06Y2FK0,MH3RH06Y2FK0,2015,2015,564,Yamaha,30328,YZF-R3,80,Motorcycle - Sport,76,Yamaha,703,80,Two Wheel Motorcycle (excluding motor scooters),0,Not Applicable,11,"Class 1: 6,000 lbs. or less (2,722 kg or less)",11,"Class 1: 6,000 lbs. or less (2,722 kg or less)",0,No Trailers,7.78E+11,No Trailing Units,7.78E+11,No Trailing Units,7.78E+11,No Trailing Units,77,No Trailing Units,77,No Trailing Units,77,No Trailing Units,0,Not an Articulated Vehicle,0,Not Applicable,0,Not Applicable,0,Not Applicable,0,Not Applicable,0,Not Applicable (N/A),1,No,0,Not Applicable,0,Not Applicable,0,Not Applicable,0,Not Applicable,0,Not a Bus,0,No Special Use Noted,0,Not Applicable,998,Not Reported,7,Not Applicable,8,Not Applicable,8,Not Applicable,62,Left-Front Side,7,"Damage Reported, Extent Unknown",6,Towed,12,Motor Vehicle In-Transport,0,No or Not Reported,76703,Yamaha 125-349cc,M,H,3,R,H,0,6,Y,2,F,K,0,1,0,No,1,Yes,48,Texas,78211,78211,0,Not Licensed,0,Not licensed,0,No (CDL),0,No Endorsements required for this vehicle,0,Not licensed,0,No Restrictions or Not Applicable,999,Unknown,999,Unknown,0,,0,,0,,0,,0,,0,,0,,0,No Record,0,No Record,0,No Record,0,No Record,0,No,1,"Two-Way, Not Divided",2,Two lanes,30,30 MPH,8,Not Reported,8,Not Reported,8,Not Reported,98,Not Reported,3,Traffic control signal(on colors) not known whether or not Pedestrian Signal,3,Device Functioning Properly,11,Turning Left,15,Turning Left,99,Unknown/Not Reported,1,Tracking,2,"Stayed on roadway, but left original travel lane",82,"K82-Changing Trafficway, Vehicle Turning-Turn Into Path-Turn Into Opposite Directions (Turning Left)"
48,Texas,482814,1,1,9,September,29,29,21,9:00pm-9:59pm,10,10,1,Rollover/Overturn,0,The First Harmful Event was Not a Collision with a Motor Vehicle in Transport,1,1,1,Motor Vehicle In-Transport (Inside or Outside the Trafficway),0,No,48,Texas,1,Driver (in this crash) was Registered Owner,JKBZXJK19RA0,JKBZXJK19RA0,2024,2024,510,Kawasaki,3173,Ninja ZX-6R,80,Motorcycle - Sport,73,Kawasaki,705,80,Two Wheel Motorcycle (excluding motor scooters),0,Not Applicable,11,"Class 1: 6,000 lbs. or less (2,722 kg or less)",11,"Class 1: 6,000 lbs. or less (2,722 kg or less)",0,No Trailers,7.78E+11,No Trailing Units,7.78E+11,No Trailing Units,7.78E+11,No Trailing Units,77,No Trailing Units,77,No Trailing Units,77,No Trailing Units,0,Not an Articulated Vehicle,0,Not Applicable,0,Not Applicable,0,Not Applicable,0,Not Applicable,0,Not Applicable (N/A),1,No,0,Not Applicable,0,Not Applicable,0,Not Applicable,0,Not Applicable,0,Not a Bus,0,No Special Use Noted,0,Not Applicable,998,Not Reported,7,Not Applicable,8,Not Applicable,8,Not Applicable,0,Non-Collision,7,"Damage Reported, Extent Unknown",6,Towed,1,Rollover/Overturn,0,No or Not Reported,73705,Kawasaki 450-749cc,J,K,B,Z,X,J,K,1,9,R,A,0,1,0,No,1,Yes,48,Texas,75707,75707,1,Full Driver License,6,Valid,0,No (CDL),0,No Endorsements required for this vehicle,3,Valid license for this class vehicle,0,No Restrictions or Not Applicable,999,Unknown,999,Unknown,1,1,0,,0,,0,,0,,0,,0,,6,June,2024,2024,6,June,2024,2024,0,No,1,"Two-Way, Not Divided",2,Two lanes,55,55 MPH,1,Straight,1,Level,8,Not Reported,1,Dry,0,No Controls,0,No Controls,1,Going Straight,98,Other critical precrash event (specify:),99,Unknown/Not Reported,9,Precrash stability unknown,1,Stayed in original travel lane,98,M98-Other Crash Type
48,Texas,482817,2,2,9,September,20,20,17,5:00pm-5:59pm,24,24,12,Motor Vehicle In-Transport,6,Angle,1,1,1,Motor Vehicle In-Transport (Inside or Outside the Trafficway),0,No,48,Texas,2,Driver (in this crash) Not Registered Owner (Other Private Owner Listed),JS1GW71A7521,JS1GW71A7521,2005,2005,509,Suzuki,2123,GSX1300R,80,Motorcycle - Sport,53,Suzuki,706,80,Two Wheel Motorcycle (excluding motor scooters),0,Not Applicable,11,"Class 1: 6,000 lbs. or less (2,722 kg or less)",11,"Class 1: 6,000 lbs. or less (2,722 kg or less)",0,No Trailers,7.78E+11,No Trailing Units,7.78E+11,No Trailing Units,7.78E+11,No Trailing Units,77,No Trailing Units,77,No Trailing Units,77,No Trailing Units,0,Not an Articulated Vehicle,0,Not Applicable,0,Not Applicable,0,Not Applicable,0,Not Applicable,0,Not Applicable (N/A),1,No,0,Not Applicable,0,Not Applicable,0,Not Applicable,0,Not Applicable,0,Not a Bus,0,No Special Use Noted,0,Not Applicable,998,Not Reported,7,Not Applicable,8,Not Applicable,8,Not Applicable,63,Left-Back Side,7,"Damage Reported, Extent Unknown",6,Towed,12,Motor Vehicle In-Transport,0,No or Not Reported,53706,Suzuki 750cc-over,J,S,1,G,W,7,1,A,7,5,2,1,1,0,No,1,Yes,48,Texas,75708,75708,1,Full Driver License,6,Valid,0,No (CDL),0,No Endorsements required for this vehicle,3,Valid license for this class vehicle,0,No Restrictions or Not Applicable,999,Unknown,999,Unknown,0,,0,,0,,0,,0,,0,,0,,0,No Record,0,No Record,0,No Record,0,No Record,0,No,5,"Two-Way, Not Divided With a Continuous Left-Turn Lane",7,Seven or more lanes,40,40 MPH,1,Straight,2,"Grade, Unknown Slope",8,Not Reported,1,Dry,0,No Controls,0,No Controls,1,Going Straight,62,From opposite direction  over left lane line,99,Unknown/Not Reported,1,Tracking,1,Stayed in original travel lane,69,"J69-Changing Trafficway, Vehicle Turning-Turn Across Path-Initial Opposite Directions (Going Straight)"
48,Texas,482820,1,2,10,October,9,9,2,2:00am-2:59am,18,18,11,Live Animal,0,The First Harmful Event was Not a Collision with a Motor Vehicle in Transport,1,1,1,Motor Vehicle In-Transport (Inside or Outside the Trafficway),0,No,48,Texas,2,Driver (in this crash) Not Registered Owner (Other Private Owner Listed),JKBZXJB183A0,JKBZXJB183A0,2003,2003,510,Kawasaki,12989,ZX-6R,80,Motorcycle - Sport,73,Kawasaki,705,80,Two Wheel Motorcycle (excluding motor scooters),0,Not Applicable,11,"Class 1: 6,000 lbs. or less (2,722 kg or less)",11,"Class 1: 6,000 lbs. or less (2,722 kg or less)",0,No Trailers,7.78E+11,No Trailing Units,7.78E+11,No Trailing Units,7.78E+11,No Trailing Units,77,No Trailing Units,77,No Trailing Units,77,No Trailing Units,0,Not an Articulated Vehicle,0,Not Applicable,0,Not Applicable,0,Not Applicable,0,Not Applicable,0,Not Applicable (N/A),1,No,0,Not Applicable,0,Not Applicable,0,Not Applicable,0,Not Applicable,0,Not a Bus,0,No Special Use Noted,0,Not Applicable,998,Not Reported,7,Not Applicable,8,Not Applicable,8,Not Applicable,12,12 Clock Point,7,"Damage Reported, Extent Unknown",6,Towed,11,Live Animal,0,No or Not Reported,73705,Kawasaki 450-749cc,J,K,B,Z,X,J,B,1,8,3,A,0,1,0,No,1,Yes,48,Texas,78155,78155,1,Full Driver License,6,Valid,0,No (CDL),0,No Endorsements required for this vehicle,2,No valid license for this class vehicle,0,No Restrictions or Not Applicable,67,67,177,177 lbs.,0,,0,,0,,0,,0,,0,,0,,0,No Record,0,No Record,0,No Record,0,No Record,0,No,3,"Two-Way,  Divided, Positive  Median Barrier",4,Four lanes,70,70 MPH,1,Straight,1,Level,8,Not Reported,1,Dry,0,No Controls,0,No Controls,1,Going Straight,87,Animal in road,99,Unknown/Not Reported,9,Precrash stability unknown,1,Stayed in original travel lane,13,C13-Single Driver-Forward Impact-Pedestrian/ Animal